City,Country,Continent,Population (2024),Population (2023),Growth Rate,Population Change
Tokyo,Japan,Asia,1.0,1.0,0.10233393177737882,-79070
Delhi,India,Asia,0.9090435283663834,0.8833778893396409,0.6122082585278277,866094
Shanghai,China,Asia,0.8007117503289358,0.7810783902711269,0.5439856373429084,657110
Dhaka,Bangladesh,Asia,0.6375805482629052,0.616510967446693,0.7019748653500898,726036
Sao Paulo,Brazil,South America,0.6065356415931704,0.6003350091744568,0.28904847396768407,186968
Cairo,Egypt,Africa,0.601508004991283,0.5883641473985523,0.49730700179533216,440673
Mexico City,Mexico,North America,0.5982477546610134,0.5910581568862833,0.31956912028725315,223873
Beijing,China,Asia,0.5895516730249326,0.5769293397901151,0.48833034111310597,422868
Mumbai,India,Asia,0.5753640471707424,0.5640490945324449,0.45780969479353684,376632
Osaka,Japan,Asia,0.5009603602629,0.5014413517033075,0.0969479353680431,-45975
Chongqing,China,Asia,0.46813935014820157,0.45557098708555893,0.5888689407540395,433219
Karachi,Pakistan,Asia,0.4646918593343011,0.4527060534303518,0.5691202872531419,412325
Kinshasa,DR Congo,Africa,0.4477460868347611,0.4274583079949841,0.9281867145421904,716788
Lagos,Nigeria,Africa,0.43409823825376703,0.4173223650091218,0.8043087971274686,590106
Istanbul,Turkey,Asia,0.42066037180421756,0.4146310154996108,0.3662477558348295,199582
Buenos Aires,Argentina,South America,0.40886160893335927,0.40483151862489325,0.28904847396768407,127873
Kolkata,India,Asia,0.40755535288203915,0.40050913628477935,0.4183123877917415,237993
Manila,Philippines,Asia,0.3902630933662338,0.3822538977181884,0.47576301615798927,274864
Guangzhou,China,Asia,0.38058738843908674,0.37175833664596597,0.5242369838420108,305743
Tianjin,China,Asia,0.3773088787930394,0.3705048561878662,0.4326750448833034,232230
Lahore,Pakistan,Asia,0.37555447203504666,0.3633955022346011,0.6894075403949731,427684
Bangalore,India,Asia,0.3645875529929205,0.3532055918555745,0.6678635547576302,400462
Rio De Janeiro,Brazil,South America,0.3595300800090769,0.356494092764245,0.2657091561938959,96627
Shenzhen,China,Asia,0.3454370781090906,0.33852999841169135,0.4685816876122083,239222
Moscow,Russia,Asia,0.3289500709184675,0.3277737046289983,0.18491921005385997,31916
Chennai,India,Asia,0.3108390295844639,0.3029771682826171,0.5637342908438061,277550
Bogota,Colombia,South America,0.29996357211504393,0.2956228221085543,0.3752244165170557,150251
Jakarta,Indonesia,Asia,0.2938531085893884,0.28851708791946484,0.4380610412926392,187165
Lima,Peru,South America,0.2918163699110785,0.28729796779857786,0.3931777378815081,157556
Paris,France,Europe,0.28947244024398294,0.2874092481245234,0.2495511669658887,68261
Bangkok,Thailand,Asia,0.28829460438043736,0.2836123897288204,0.4057450628366248,163887
Hyderabad,India,Asia,0.2837574943972912,0.2762407125626439,0.585278276481149,267714
Seoul,South Korea,Asia,0.25449757333968304,0.25394312977534644,0.17055655296229805,16791
Nanjing,China,Asia,0.2529221023765187,0.2460019978904453,0.6014362657091563,249084
Chengdu,China,Asia,0.24963768045201928,0.24477643349242745,0.4649910233393178,174338
London,United Kingdom,Asia,0.24743564546777524,0.24462116754725655,0.3267504488330341,99923
Luanda,Angola,Africa,0.2447682179229539,0.2348649707303675,0.8330341113105926,358696
Tehran,Iran,Asia,0.24380506651464506,0.2405536220895999,0.3590664272890485,116226
Ho Chi Minh City,Vietnam,Asia,0.24247546383818136,0.23564733339651467,0.6157989228007181,246790
Nagoya,Japan,Asia,0.24217910744339632,0.24246077162842,0.11669658886894077,-12449
Xi An Shaanxi,China,Asia,0.22724601202381445,0.22095734316329654,0.606822262118492,228663
Ahmedabad,India,Asia,0.22286286877115,0.217267130698496,0.5637342908438061,203839
Wuhan,China,Asia,0.22276403747460574,0.21912212272623963,0.4129263913824058,132600
Kuala Lumpur,Malaysia,Asia,0.22179552376723563,0.2164751427503363,0.5439856373429084,193906
Hangzhou,China,Asia,0.21091176160901312,0.20593071486174255,0.5385996409335727,182636
Suzhou,China,Asia,0.2090083654340263,0.20145605562414826,0.755834829443447,276594
Surat,India,Asia,0.20845571864308315,0.20120700487988086,0.7307001795332136,265579
Baghdad,Iraq,Asia,0.19719780550523322,0.19150921789400804,0.6283662477558348,209829
Shenyang,China,Asia,0.19470208152625001,0.19067727542763674,0.4901256732495512,149410
Riyadh,Saudi Arabia,Asia,0.1944318766515022,0.19071739448058359,0.4631956912028725,138121
Hong Kong,Hong Kong,Asia,0.19182794422735994,0.19078241312346597,0.23518850987432677,41058
Foshan,China,Asia,0.19125255578860323,0.18838527914305045,0.39497307001795334,107549
Dongguan,China,Asia,0.19043338898483128,0.18810181321665845,0.348294434470377,88097
Pune,India,Asia,0.18137803331164673,0.17656587159094997,0.5888689407540395,179474
Santiago,Chile,South America,0.17051880023425822,0.16935425929972261,0.2639138240574507,47560
Haerbin,China,Asia,0.17016285357246952,0.16662350372111756,0.49371633752244165,134197
Madrid,Spain,Europe,0.16590692055291958,0.16518555240233876,0.2244165170556553,31867
Khartoum,Sudan,Africa,0.15927496656881526,0.15402389987688414,0.7001795332136446,197722
Toronto,Canada,North America,0.15623248057837152,0.15478103388362524,0.30700179533213645,59472
Johannesburg,South Africa,Africa,0.15328791841847708,0.1500111170636122,0.5062836624775584,126335
Belo Horizonte,Brazil,South America,0.15262953808963395,0.1513787572055245,0.2908438061041293,52520
Dalian,China,Asia,0.15034926853703476,0.1467198464868982,0.5529622980251347,139492
Singapore,Singapore,Asia,0.14764655981428737,0.14679838440052756,0.2531418312387792,38344
Qingdao,China,Asia,0.1472449098651151,0.14421151444790478,0.49371633752244165,118072
Zhengzhou,China,Asia,0.14477797730724537,0.14072192467029432,0.6175942549371634,155615
Ji Nan Shandong,China,Asia,0.14273785625568147,0.13926192569699106,0.5565529622980252,134667
Abidjan,Ivory Coast,Africa,0.14070309750317883,0.13597997875527498,0.7091561938958707,180354
Barcelona,Spain,Europe,0.136446614504238,0.1360075657458864,0.21723518850987433,24561
Yangon,Myanmar,Asia,0.13638504431142706,0.13389288306099542,0.45780969479353684,99437
Addis Ababa,Ethiopia,Africa,0.13621867554568062,0.12978911253912634,0.9389587073608617,243037
Alexandria,Egypt,Africa,0.1360125157710028,0.13329606073130643,0.48653500897666074,107654
Saint Petersburg,Russia,Asia,0.1328659736798013,0.13255063611322446,0.2064631956912029,20413
Nairobi,Kenya,Africa,0.13175130294930024,0.12607526191736054,0.8689407540394973,216012
Chittagong,Bangladesh,Asia,0.13099334885173516,0.1275697857626119,0.5870736086175943,133949
Guadalajara,Mexico,North America,0.13061026070700565,0.12867271693795154,0.40394973070017953,79798
Fukuoka,Japan,Asia,0.13001622796689752,0.13060301102953112,0.10053859964093358,-12195
Ankara,Turkey,Asia,0.12998903148601765,0.1280479785481806,0.4057450628366248,79989
Hanoi,Vietnam,Asia,0.12874371315120894,0.12410701514684834,0.7504488330341114,178416
Melbourne,Australia,Oceana,0.12554830539112624,0.12361401423510655,0.414721723518851,80193
Monterrey,Mexico,North America,0.1222416917982041,0.12035732337525241,0.4165170556552963,78708
Sydney,Australia,Oceana,0.12195408007573436,0.1204737865453585,0.36445242369838426,64002
Changsha,China,Asia,0.1176389142757848,0.11500555688645876,0.5278276481149013,106488
Urumqi,China,Asia,0.1170336344571328,0.11345758667470475,0.6606822262118492,140926
Cape Town,South Africa,Africa,0.11626006094486624,0.11414978430593108,0.4614003590664273,87553
Jiddah,Saudi Arabia,Asia,0.11530796412231442,0.11340008178473242,0.43626570915619395,80269
Brasilia,Brazil,South America,0.11508973230000641,0.11367724054627289,0.36983842010771995,62226
Kunming,China,Asia,0.11304944625462524,0.11061239718772843,0.5170556552962299,99795
Changchun,China,Asia,0.11143712667227079,0.10921653933871954,0.4901256732495512,92065
Kabul,Afghanistan,Asia,0.10940047049086954,0.10587878769929544,0.6858168761220826,139718
Hefei,China,Asia,0.10937038661818746,0.1066217168738927,0.5745062836624776,111532
Yaounde,Cameroon,Africa,0.10811857852656617,0.10370202057430082,0.8276481149012568,172481
Ningbo,China,Asia,0.10751530613269095,0.10448668672674159,0.6229802513464991,121929
Shantou,China,Asia,0.10742442203834518,0.10546873971657904,0.4649910233393178,82812
New Taipei,Taiwan,Asia,0.1040792273911516,0.10356106915109729,0.2621184919210054,30730
Tel Aviv,Israel,Asia,0.10300264273347018,0.10127699795625922,0.44344703770197486,74872
Kano,Nigeria,Africa,0.10286534037853268,0.09929232513467717,0.7271095152603232,142253
Shijiazhuang,China,Asia,0.10185882309525157,0.09989539978430594,0.4829443447037702,83659
Montreal,Canada,North America,0.09876535401527167,0.09818108495520707,0.2800718132854578,33680
Rome,Italy,Europe,0.0984996039735901,0.09839259435737999,0.20825852782764814,16303
Jaipur,India,Asia,0.09785436815218942,0.09541487214115414,0.5727109515260324,101426
Recife,Brazil,South America,0.09776133913821915,0.09697400329244975,0.31418312387791747,41187
Nanning,China,Asia,0.09738559321835813,0.09499821534657159,0.5673249551166967,99573
Fortaleza,Brazil,South America,0.0961463796547884,0.09539172758839465,0.3105924596050269,40159
Kozhikode,India,Asia,0.09607936466600756,0.0921645158686074,0.822262118491921,155407
Porto Alegre,Brazil,South America,0.09596675638572134,0.09554784362969769,0.2585278276481149,27934
Taiyuan Shanxi,China,Asia,0.09560693236922681,0.09371265061509666,0.49371633752244165,81772
Douala,Cameroon,Africa,0.0949559217642217,0.09146921949986705,0.7576301615798923,139908
Ekurhuleni,South Africa,Africa,0.09461834441408895,0.09298093722495278,0.4560143626570916,72505
Malappuram,India,Asia,0.09445579800510925,0.08998530814503979,0.9281867145421904,175834
Medellin,Colombia,South America,0.09314863448779416,0.09254165690427238,0.29443447037701975,35078
Changzhou,China,Asia,0.09172187795192845,0.08923313760281228,0.6086175942549372,103844
Antananarivo,Madagascar,Africa,0.09070892590977385,0.08623328546469436,0.9587073608617595,176402
Lucknow,India,Asia,0.09042150668009094,0.08823910099975693,0.5619389587073609,92805
Nanchang,China,Asia,0.0898116620324945,0.08755271692917636,0.5780969479353681,95658
Wenzhou,China,Asia,0.08963275373663561,0.08753475522057746,0.5511669658886895,89807
Xiamen,China,Asia,0.08957602336246456,0.08796693312518593,0.4685816876122083,71984
Ibadan,Nigeria,Africa,0.08948934661045915,0.08630579043803095,0.7396768402154399,129408
Fuzhou Fujian,China,Asia,0.08933639734185062,0.08760270806623861,0.4901256732495512,76552
Salvador,Brazil,South America,0.08923267122872738,0.08859490736475026,0.3052064631956912,36598
Casablanca,Morocco,Africa,0.08800693216023463,0.08679744764943484,0.4057450628366248,57571
Tangshan Hebei,China,Asia,0.08731390312976497,0.08465479405955018,0.6606822262118492,110504
Kumasi,Ghana,Africa,0.08671648801640282,0.08338066449217561,0.784560143626571,135242
Curitiba,Brazil,South America,0.08531343559228477,0.08461036968103078,0.3249551166965889,39377
Bekasi,Indonesia,Asia,0.0847144805366281,0.08231426002806305,0.6283662477558348,101327
Faisalabad,Pakistan,Asia,0.08387617445005292,0.08180678005961863,0.5727109515260324,89348
Guiyang,China,Asia,0.08006077492261172,0.078243478720613,0.5439856373429084,80542
Port Harcourt,Nigeria,Africa,0.07937607807991416,0.07547921290092728,0.947935368043088,156446
Thrissur,India,Asia,0.07851511284243402,0.07554379278451566,0.7737881508078994,122782
Santo Domingo,Dominican Republic,Unknown,0.07802464122163183,0.07668001482128896,0.4631956912028725,63512
Berlin,Germany,Europe,0.07773510457129396,0.07805245389297959,0.15439856373429084,2935
Asuncion,Paraguay,South America,0.07751393035924461,0.07631312978412166,0.4380610412926392,58319
Dakar,Senegal,Africa,0.07673383959119592,0.07409259641954866,0.7199281867145423,110926
Kochi,India,Asia,0.07581512651767157,0.07344868973312027,0.6732495511669659,100998
Wuxi,China,Asia,0.07558652758384513,0.07430676579994157,0.4614003590664273,61394
Busan,South Korea,Asia,0.07500022205417908,0.07525566504062473,0.1687612208258528,5470
Campinas,Brazil,South America,0.07447834661015666,0.07390776906694327,0.3267504488330341,35645
Mashhad,Iran,Asia,0.0732983933259561,0.07240106965128289,0.39497307001795334,47680
Sanaa,Yemen,Asia,0.07308615627900884,0.07033465048873398,0.7684021543985639,115317
Puebla,Mexico,North America,0.07271569016130043,0.07176785772264621,0.4057450628366248,49581
Indore,India,Asia,0.07268923615259827,0.0705973576160277,0.6373429084380611,91303
Lanzhou,China,Asia,0.07193383945920087,0.070472612864247,0.5116696588868941,68382
Kuwait City,Kuwait,Asia,0.07159538214204268,0.07047894745155439,0.44344703770197486,55843
Lusaka,Zambia,Africa,0.07078737991990595,0.06728398453987752,0.9461400359066429,142969
Kanpur,India,Asia,0.06974030165654618,0.06873490668028576,0.42908438061041293,51982
Durban,South Africa,Africa,0.06907994140189583,0.06856606661945618,0.3303411131059246,34125
Guayaquil,Ecuador,South America,0.06718633486006696,0.06622043201117608,0.43087971274685816,50801
Pyongyang,North Korea,Asia,0.06690771530063841,0.06663374326614174,0.2854578096947935,25597
Milan,Italy,Europe,0.06628887849000079,0.06655235341710126,0.17414721723518853,6061
Guatemala City,Guatemala,North America,0.06626137952045592,0.06492151254368946,0.5134649910233393,64532
Athens,Greece,Europe,0.0661227847139498,0.06654941921432252,0.1400359066427289,128
Depok,Indonesia,Asia,0.06553724915543103,0.0634442648456401,0.6840215439856374,92069
Izmir,Turkey,Asia,0.06518091750806869,0.06473819342615726,0.3249551166965889,31926
Nagpur,India,Asia,0.0647959319344406,0.06359393660981225,0.4919210053859964,59653
Surabaya,Indonesia,Asia,0.06431217006220735,0.06353157794514983,0.4021543985637343,44335
Handan,China,Asia,0.06423654789595898,0.06246199247615564,0.6211849192100539,80589
Coimbatore,India,Asia,0.06417393274230532,0.06256175537063315,0.585278276481149,74674
Huaian,China,Asia,0.06382543830126326,0.06176228109201924,0.6894075403949731,91155
Port Au Prince,Haiti,North America,0.06352627701158468,0.06196964970335485,0.5763016157989228,72714
Zhongshan,China,Asia,0.06327592639284825,0.06260667335335832,0.3806104129263914,40380
Dubai,United Arab Emirates,Asia,0.06327457894334056,0.06252160889523042,0.3985637342908438,43433
Bamako,Mali,Africa,0.06326231440292354,0.06037689862115504,0.8833034111310593,121197
Mbuji Mayi,DR Congo,Africa,0.06250018046198764,0.05934507387390234,0.9533213644524238,131109
Kiev,Ukraine,Europe,0.06242794066899329,0.06277406002402647,0.15978456014362658,3439
Lisbon,Portugal,Europe,0.0622733689611816,0.06232836284867105,0.2244165170556553,14071
Weifang,China,Asia,0.06172146464241619,0.06006005956596176,0.6122082585278277,76718
Caracas,Venezuela,South America,0.06164419253799512,0.06154981190389065,0.2585278276481149,19582
Thiruvananthapuram,India,Asia,0.06143594284163187,0.05932787999406798,0.718132854578097,93035
Algiers,Algeria,Africa,0.060554903356383985,0.05962105346984013,0.4506283662477559,50305
Shizuoka,Japan,Asia,0.06009875044957379,0.060595894353782154,0.12926391382405747,-1832
Lubumbashi,DR Congo,Africa,0.06005571456223607,0.05715711838691023,0.9192100538599641,122003
Cali,Colombia,South America,0.0588587119169177,0.05857680635007552,0.30700179533213645,26703
Goiania,Brazil,South America,0.05885829943237453,0.05815842194077277,0.40394973070017953,41945
Pretoria,South Africa,Africa,0.058844027467180746,0.057325519688445806,0.5978456014362656,71799
Shaoxing,China,Asia,0.05863151543053803,0.05698421980261098,0.6301615798922802,76517
Incheon,South Korea,Asia,0.0580681990394115,0.058160725427066365,0.22262118491921007,13129
Yantai,China,Asia,0.0573208320451212,0.0558579795397766,0.5942549371633752,69924
Zibo,China,Asia,0.057153830803075234,0.05628461810829809,0.4524236983842011,48293
Huizhou,China,Asia,0.057131144153200725,0.055693691606622464,0.5888689407540395,69017
Manchester,United Kingdom,Unknown,0.056695175490036456,0.056582508246480936,0.27289048473967686,20751
Taipei,Taiwan,Asia,0.05544611729536965,0.055573115068134935,0.2190305206463196,12138
Mogadishu,Somalia,Africa,0.054359385517926184,0.051632151666802684,0.9407540394973071,116332
Brazzaville,Republic of the Congo,Unknown,0.05429754033541978,0.05237941358942837,0.7307001795332136,86833
Accra,Ghana,Africa,0.054204016339997704,0.052992003831246165,0.5529622980251347,61093
Bandung,Indonesia,Asia,0.0540128985016609,0.053373943796689485,0.40933572710951527,40215
Damascus,Syria,Asia,0.05321944323441341,0.050927065481314565,0.8384201077199281,100590
Birmingham,United Kingdom,Europe,0.05320420880528555,0.05312988393939155,0.27289048473967686,19707
Vancouver,Canada,North America,0.05314101617327145,0.052910175222911665,0.3123877917414722,25421
Toluca De Lerdo,Mexico,North America,0.05291626709518128,0.05206775737839567,0.4685816876122083,47968
Luoyang,China,Asia,0.05270749491839667,0.05142127298111493,0.5816876122082586,63951
Sapporo,Japan,Asia,0.0525480833919451,0.05315763546473824,0.1059245960502693,-5165
Tashkent,Uzbekistan,Asia,0.05179774650894395,0.05143361308625921,0.3500897666068223,30418
Patna,India,Asia,0.05178625193967419,0.050789706399830825,0.5116696588868941,53481
Bhopal,India,Asia,0.051555865572827334,0.050371239723160446,0.5619389587073609,60363
Tangerang,Indonesia,Asia,0.05007408359890235,0.04898846238560449,0.5457809694793536,56903
Nantong,China,Asia,0.049654504321586815,0.04838936399207777,0.5978456014362656,63492
Brisbane,Australia,Oceania,0.04912451668154866,0.048725974637957775,0.36983842010771995,31944
Tunis,Tunisia,Africa,0.048415703242560254,0.0479291054926521,0.39497307001795334,35227
Peshawar,Pakistan,Asia,0.04758724178708214,0.04618336452911914,0.651705565529623,68761
Medan,Indonesia,Asia,0.047546653308033926,0.04693114747840646,0.4344703770197487,40016
Gujranwala,Pakistan,Asia,0.047546323320399375,0.04628293546640552,0.6122082585278277,63642
Baku,Azerbaijan,Asia,0.047136698670059096,0.0467460459012423,0.3752244165170557,31858
Hohhot,China,Asia,0.04657362976965847,0.04532918245103228,0.6157989228007181,63050
San Juan,Puerto Rico,North America,0.04637932205085446,0.04694513293090331,0.118491921005386,-2944
Belem,Brazil,South America,0.04625714412916662,0.046118208773957364,0.3087971274685817,22768
Rawalpindi,Pakistan,Asia,0.04620794847265086,0.045238386699626265,0.5403949730700179,53063
Agra,India,Asia,0.0459866917636929,0.0449704418832602,0.55475763016158,54788
Manaus,Brazil,South America,0.04556078772338204,0.045192070171651416,0.3752244165170557,31218
Kannur,India,Asia,0.04552806394962365,0.04438313514576023,0.5960502692998204,59527
Beirut,Lebanon,Asia,0.04544064472544053,0.04644577000939823,0.0,-18869
Maracaibo,Venezuela,South America,0.0453950239349656,0.04497241630008328,0.3913824057450629,33200
Liuzhou,China,Asia,0.04530108745500035,0.04430950585173271,0.5529622980251347,53958
Visakhapatnam,India,Asia,0.044962850129598525,0.04396606701433954,0.5565529622980252,54182
Baotou,China,Asia,0.044856484115399,0.044074385715050415,0.49730700179533216,46364
Vadodara,India,Asia,0.044639874732294096,0.04377838772632302,0.5206463195691203,49281
Barranquilla,Colombia,South America,0.044638142297212774,0.04447261461928417,0.32315978456014366,23902
Phnom Penh,Cambodia,Asia,0.044071058547258596,0.04260234828361752,0.7019748653500898,71482
Sendai,Japan,Asia,0.04376177763678751,0.044277970027475105,0.13285457809694795,-869
Taoyuan,Taiwan,Asia,0.04368728292829048,0.04363485859226714,0.29443447037701975,19874
Xuzhou,China,Asia,0.04351698180989913,0.042766005500286516,0.49551166965888693,45365
Houston,United States,North America,0.04278435426328488,0.04323813792310656,0.1526032315978456,1506
Tijuana,Mexico,North America,0.04254585570042227,0.04201520608085281,0.4380610412926392,37429
Esfahan,Iran,Asia,0.04247361590742792,0.041977061444729055,0.4272890484739677,36193
Nashik,India,Asia,0.04246564120625991,0.04140044946502079,0.5960502692998204,56930
Vijayawada,India,Asia,0.04236900982727926,0.041191929110538386,0.6319569120287254,61020
Amman,Jordan,Asia,0.04132138158452857,0.04125979968883191,0.3052064631956912,20448
Putian,China,Asia,0.04125032424722465,0.03971816406438529,0.7504488330341114,74082
Multan,Pakistan,Asia,0.04002120280547787,0.03913072021460595,0.5637342908438061,50807
Grande Vitoria,Brazil,South America,0.039785014156057036,0.039567093754963464,0.35727109515260325,26305
Wuhu Anhui,China,Asia,0.039742225759445235,0.0383134487621284,0.7360861759425494,70465
Mecca,Saudi Arabia,Asia,0.0394479317873761,0.03900260250075248,0.42908438061041293,34632
Kollam,India,Asia,0.039375884487168555,0.03781460686728497,0.7827648114901257,75334
Naples,Italy,Europe,0.03932327895842923,0.03981035836104098,0.14542190305206465,643
Daegu,South Korea,Asia,0.03932058405941384,0.03985459078236925,0.1310592459605027,-1068
Conakry,Guinea,Africa,0.039283927933010526,0.03793337352368467,0.7163375224416517,67659
Yangzhou,China,Asia,0.03918784653342078,0.03849153019058826,0.5098743267504489,43811
Havana,Cuba,Africa,0.03856680980521958,0.03897523488978806,0.17055655296229805,3588
Taizhou Zhejiang,China,Asia,0.03855878010611248,0.03769222044670961,0.5673249551166967,50083
Baoding,China,Asia,0.03848940020595079,0.037840192018617436,0.4991023339317774,42164
Perth,Australia,Oceania,0.0383185766071381,0.03812697606217044,0.355475763016158,25494
Brussels,Belgium,Europe,0.038007480764677054,0.03823652877339574,0.22621184919210055,10186
Linyi Shandong,China,Asia,0.0376739457630674,0.03698529695667779,0.5170556552962299,43685
Bursa,Turkey,Asia,0.03754921043721189,0.03725842461720445,0.3913824057450629,29189
Rajkot,India,Asia,0.037039599533606485,0.03607330834160395,0.6140035906642729,53874
Minsk,Belarus,Europe,0.036152812763723716,0.03646133609225177,0.20466786355475763,7476
Hiroshima,Japan,Asia,0.03610196716903526,0.036744719751276134,0.09874326750448834,-4707
Haikou,China,Asia,0.0359304285970144,0.03533249069610918,0.5008976660682227,40554
Daqing,China,Asia,0.035592878745851195,0.034909197667204586,0.533213644524237,43715
Lome,Togo,Africa,0.03554786293270626,0.034387046684866404,0.6929982046678637,61119
Lianyungang,China,Asia,0.035352537752029095,0.03451933261201305,0.585278276481149,49192
Yancheng Jiangsu,China,Asia,0.03531665159677304,0.03471194794208729,0.5080789946140036,40863
Panama City,Panama,North America,0.03480541825396448,0.03425681744191046,0.49371633752244165,38869
Almaty,Kazakhstan,Asia,0.034790953795983875,0.03454297076897832,0.3913824057450629,27908
Semarang,Indonesia,Asia,0.034745910483869394,0.034214038410743636,0.48833034111310597,38265
Hyderabad,Pakistan,Asia,0.034701719639810794,0.03400502445205546,0.5439856373429084,44280
Valencia,Venezuela,South America,0.03457250198191948,0.034437229779119796,0.355475763016158,23820
Davao City,Philippines,Asia,0.03413779827135428,0.03350363226881553,0.5278276481149013,42057
Vienna,Austria,Europe,0.03411112427089576,0.034213078624787965,0.2782764811490126,15216
Rabat,Morocco,Africa,0.03407565060018289,0.03377752775810673,0.4129263913824058,29809
Ludhiana,India,Asia,0.03405477888229834,0.03354983910696689,0.4829443447037702,37353
Quito,Ecuador,South America,0.03400607820723438,0.03371190582119506,0.4129263913824058,29672
Benin City,Nigeria,Africa,0.033618095245925905,0.03227595634169521,0.7809694793536806,67927
La Paz,Bolivia,South America,0.033425932446746395,0.03312572340438602,0.4183123877917415,29951
Baixada Santista,Brazil,South America,0.03341328292075575,0.033459345002575525,0.2998204667863555,17325
West Yorkshire,United Kingdom,Europe,0.03279070625026004,0.032934917956399606,0.26929982046678635,13809
Can Tho,Vietnam,Asia,0.032692947413528045,0.031193893655277357,0.8491921005385997,73743
Zhuhai,China,Asia,0.032458051215675826,0.031870049149816115,0.526032315978456,40544
Leon De Los Aldamas,Mexico,North America,0.03229476233451842,0.03211465745623157,0.38240574506283664,25686
Quanzhou,China,Asia,0.03219296114926333,0.031326124737512256,0.6265709156193896,50739
Matola,Mozambique,Africa,0.0320362720207967,0.030843791161106273,0.7468581687612208,62630
Datong,China,Asia,0.031998845923246144,0.03142756040179821,0.5224416517055656,39981
Sharjah,United Arab Emirates,Asia,0.030858326161372917,0.0302529195043424,0.5457809694793536,41341
Madurai,India,Asia,0.03085043395711354,0.030346731725894787,0.5080789946140036,37633
Raipur,India,Asia,0.03082829728662993,0.02986777111156157,0.6768402154398564,54294
Adana,Turkey,Asia,0.030430414696285293,0.030391046414590676,0.3429084380610413,20743
Santa Cruz,Bolivia,South America,0.03040550062987765,0.029958292638408813,0.4919210053859964,35618
Palembang,Indonesia,Asia,0.03032138128203991,0.029911866420610455,0.4775583482944345,34252
Mosul,Iraq,Asia,0.0301843814157674,0.02918788616302365,0.6983842010771993,55671
Cixi,China,Asia,0.029973959300810104,0.029101532849469588,0.6535008976660682,51168
Meerut,India,Asia,0.029846474078000115,0.0293465250702673,0.5152603231597845,37598
Gaziantep,Turkey,Asia,0.029780559048001077,0.02953571259335701,0.42190305206463197,28302
La Laguna,Mexico,North America,0.02959161362825832,0.02887450233727076,0.599640933572711,45543
Batam,Indonesia,Asia,0.029041964224995578,0.02798464364408899,0.7360861759425494,58005
Turin,Italy,Europe,0.029030414657786736,0.029460026615138777,0.177737881508079,3783
Warsaw,Poland,Europe,0.028857831124923173,0.029338599980519086,0.15978456014362658,1935
Jiangmen,China,Asia,0.028803328167285255,0.02854321164783073,0.4344703770197487,28958
Varanasi,India,Asia,0.028571731845778412,0.028156938934358982,0.49371633752244165,34622
Hamburg,Germany,Europe,0.028523141166592634,0.02906448511158088,0.13824057450628366,-240
Montevideo,Uruguay,South America,0.028360429763795676,0.028704592800662,0.21005385996409337,6967
Budapest,Hungary,Europe,0.02833370076539807,0.02880484929934529,0.16337522441651706,2339
Lyon,France,Europe,0.02816881694400707,0.028342397003449527,0.2746858168761221,13207
Xiangyang,China,Asia,0.028111701584262388,0.027835575173946126,0.44524236983842014,29612
Bucharest,Romania,Europe,0.02797976152838613,0.028759136065399708,0.050269299820466795,-8865
Yichang,China,Asia,0.02772072123527351,0.026972809867170013,0.6319569120287254,46856
Yinchuan,China,Asia,0.027709694148486026,0.027119437738739902,0.5691202872531419,41108
Shiraz,Iran,Asia,0.027298612052759855,0.027239081913727637,0.3680430879712747,21796
Kananga,DR Congo,Africa,0.027187681209615875,0.025689384087253433,0.9407540394973071,74274
Srinagar,India,Asia,0.027154297460588412,0.026617222881823697,0.55475763016158,39225
Monrovia,Liberia,Africa,0.02709553216267104,0.02606172619314009,0.7540394973070018,57345
Tiruppur,India,Asia,0.026999203272355377,0.02603849937301297,0.7253141831238779,54689
Jamshedpur,India,Asia,0.026962327154195716,0.026529004841270052,0.5152603231597845,35461
Suqian,China,Asia,0.026846996475924558,0.025703808299044294,0.8025134649910234,61359
Aurangabad,India,Asia,0.026818287551719718,0.026208957358739255,0.5870736086175943,41894
Qinhuangdao,China,Asia,0.026775526654077456,0.026142403058327785,0.5960502692998204,42766
Stockholm,Sweden,Europe,0.026662120903674442,0.026666281655386165,0.3464991023339318,19538
Anshan,China,Asia,0.02649294724303444,0.02637650856414266,0.39497307001795334,23953
Glasgow,United Kingdom,Unknown,0.026347065209598935,0.026612040037663102,0.2459605026929982,10059
Xining,China,Asia,0.02626267087206575,0.02574869885931359,0.55475763016158,38473
Makassar,Indonesia,Asia,0.02625860102457311,0.025926643175494066,0.48114901256732495,31836
Hengyang,China,Asia,0.0261783590314412,0.025618414771445896,0.5745062836624776,40158
Novosibirsk,Russia,Asia,0.026164554548729676,0.026520915216786584,0.2118491921005386,6745
Ulaanbaatar,Mongolia,Asia,0.02610551426111685,0.025913836888599894,0.4272890484739677,26736
Onitsha,Nigeria,Africa,0.02598314384664221,0.024563418048977822,0.9317773788150808,71531
Jilin,China,Asia,0.025949815095553833,0.025808479813123644,0.40754039497307004,24916
Anyang,China,Asia,0.02594085043148221,0.025083484924669417,0.6983842010771993,51028
Auckland,New Zealand,Oceania,0.025924213554907562,0.025930098404934463,0.3500897666068223,19550
Tabriz,Iran,Asia,0.025518823745877186,0.025587783888232216,0.3267504488330341,17291
Phoenix,United States,North America,0.025476282839991277,0.025579776531116375,0.31418312387791747,16036
Muscat,Oman,Asia,0.02546764816355419,0.025302096742914258,0.42190305206463197,25848
Calgary,Canada,North America,0.02516119964694623,0.025008511930303966,0.4183123877917415,25410
Qiqihaer,China,Asia,0.02508926234261687,0.024894571626138475,0.43626570915619395,26949
N Djamena,Chad,Africa,0.024902571838376786,0.02371173141437569,0.8527827648114902,63294
Marseille,France,Europe,0.024355039855769003,0.024677687422613833,0.22980251346499103,8158
Cordoba,Argentina,South America,0.024086374923315685,0.024241725219094453,0.2998204667863555,14286
Jodhpur,India,Asia,0.02406954555395423,0.023553311886779043,0.5780969479353681,38778
Kathmandu,Nepal,Asia,0.023968266849120495,0.023127249189830962,0.718132854578097,50632
Rosario,Argentina,South America,0.023731748212065123,0.02376032400618826,0.3536804308797128,18945
Tegucigalpa,Honduras,North America,0.023627802107185538,0.023045393159040594,0.6122082585278277,41236
Ciudad Juarez,Mexico,North America,0.023485467440821323,0.02343720520859933,0.3877917414721724,21772
Harare,Zimbabwe,Africa,0.023461158351743668,0.023322442230757554,0.4254937163375225,25073
Karaj,Iran,Asia,0.02345593354753014,0.02374694184772069,0.2459605026929982,9403
Medina,Saudi Arabia,Asia,0.023344975205416615,0.02317005564345367,0.44165170556552963,26405
Jining Shandong,China,Asia,0.02326212081017794,0.02308748662881052,0.44165170556552963,26403
Abu Dhabi,United Arab Emirates,Asia,0.02318845107076725,0.02301725771931164,0.44165170556552963,26285
Munich,Germany,Europe,0.022947092615071985,0.023275494986297548,0.2315978456014363,8091
Ranchi,India,Asia,0.02293966789329487,0.022475911017860135,0.5691202872531419,36979
Daejon,South Korea,Asia,0.022870040502407273,0.02330346589129124,0.18850987432675045,4269
Zhangjiakou,China,Asia,0.02249652199907939,0.02217187824956102,0.5134649910233393,31951
Edmonton,Canada,North America,0.022482580021520145,0.022398853916848097,0.40933572710951527,23167
Mandalay,Myanmar,Asia,0.022356249755431042,0.022053660042278846,0.5044883303411132,31161
Gaoxiong,Taiwan,Asia,0.022248013811302456,0.022630601091457623,0.2118491921005386,6186
Kota,India,Asia,0.02223104694709328,0.021640540744504323,0.6337522441651706,41673
Natal,Brazil,South America,0.02217453656467858,0.022148432049786896,0.3859964093357271,21097
Nouakchott,Mauritania,Africa,0.022057198461630647,0.020959449207907845,0.8635547576301617,60188
Jabalpur,India,Asia,0.022025794638410413,0.021786592744500812,0.48114901256732495,28883
Huainan,China,Asia,0.02168477991708456,0.02152736826910336,0.44703770197486536,25935
Grande Sao Luis,Brazil,South America,0.02161366758184154,0.021827945807962077,0.2854578096947935,12388
Asansol,India,Asia,0.021560429576802684,0.021317997818488792,0.48653500897666074,29048
Yekaterinburg,Russia,Asia,0.02152987822163834,0.021940350454598505,0.20107719928186715,5242
Gwangju,South Korea,Asia,0.021528008291709293,0.02198817521764655,0.17953321364452424,3430
Yiwu,China,Asia,0.021331308162554883,0.020722574034049476,0.6535008976660682,42429
Chaozhou,China,Asia,0.02119048593951563,0.02107846266641043,0.4326750448833034,24330
Gwalior,India,Asia,0.020866493080338045,0.020494857960453746,0.5511669658886895,33830
Ganzhou,China,Asia,0.020844246413976256,0.02007425233222503,0.7342908438061041,48359
San Antonio,United States,North America,0.02080453790195347,0.02089892784778914,0.3429084380610413,16842
Homs,Syria,Asia,0.02061232010483487,0.01962866484669312,0.8384201077199281,56174
Niamey,Niger,Africa,0.020520336051707302,0.01945875531008436,0.8779174147217235,59025
Mombasa,Kenya,Africa,0.020491874618228368,0.01954549253802069,0.8240574506283663,54827
Allahabad,India,Asia,0.02044025905239266,0.02022436285569119,0.48473967684021546,28194
Basra,Iraq,Asia,0.02021504249182023,0.019757413277031743,0.599640933572711,37032
Kisangani,DR Congo,Africa,0.020169861684858018,0.019079283365669896,0.8976660682226213,60118
San Jose,Costa Rica,North America,0.020140905269927272,0.020137625627754865,0.3913824057450629,20471
Amritsar,India,Asia,0.020086182320532994,0.019856792257126988,0.49551166965888693,28722
Taizhou Jiangsu,China,Asia,0.020007260277939237,0.01972138017001045,0.5224416517055656,30790
Chon Buri,Thailand,Asia,0.019872762817895306,0.019924635412964634,0.3680430879712747,18487
Jiaxing,China,Asia,0.019823484664470915,0.01912280280314538,0.718132854578097,45935
Weihai,China,Asia,0.019686237307472498,0.01924162430445683,0.599640933572711,36611
Hai Phong,Vietnam,Asia,0.01962364965278839,0.019067738511746025,0.6535008976660682,40676
Ottawa,Canada,North America,0.019291489599655976,0.019457521299569933,0.31956912028725315,14383
Zurich,Switzerland,Europe,0.019065393072058106,0.01930258442386956,0.28904847396768407,11811
Taian Shandong,China,Asia,0.019025849553852597,0.018878249341641683,0.4685816876122083,25847
Queretaro,Mexico,North America,0.0188857973019606,0.018807225180922395,0.43626570915619395,23344
Joao Pessoa,Brazil,South America,0.01883924154652115,0.01903628495485606,0.3087971274685817,13298
Kaifeng,China,Asia,0.01882103722868245,0.018390074782134076,0.6050269299820468,36201
Cochabamba,Bolivia,South America,0.018717228618650588,0.0184445906244159,0.5296229802513466,30438
Konya,Turkey,Asia,0.018696521894583307,0.0186470231936938,0.42369838420107725,22303
Liuyang,China,Asia,0.01866536556208898,0.017711670646213467,0.8617594254937164,55279
Liuan,China,Asia,0.018640396497742236,0.017836552510273548,0.7881508078994615,49817
Rizhao,China,Asia,0.018604345348668925,0.018198007901177368,0.5960502692998204,35325
Kharkiv,Ukraine,Europe,0.01839521568528023,0.019015032551552024,0.11310592459605028,-2074
Dhanbad,India,Asia,0.01827295526668377,0.01815736782156888,0.45960502692998206,24756
Nanchong,China,Asia,0.018222962140051206,0.017822704170056086,0.5978456014362656,35142
Dongying,China,Asia,0.018170081621616433,0.017872201702912576,0.5493716337522442,31414
Belgrade,Serbia,Europe,0.018167496718479215,0.018661063491102404,0.17235188509874327,2553
Zunyi,China,Asia,0.018040836464755575,0.017792018441930648,0.526032315978456,29638
Zhanjiang,China,Asia,0.017854365952271852,0.017669851401002305,0.49730700179533216,27312
Bucaramanga,Colombia,South America,0.017780723711830707,0.017930364731825934,0.3375224416517056,15134
Copenhagen,Denmark,Europe,0.017631486804110735,0.017916845461078978,0.27289048473967686,10200
Shiyan,China,Asia,0.017526220748692995,0.017176987601539875,0.5816876122082586,33352
Taizhong,Taiwan,Asia,0.01737437143886626,0.017589448760373366,0.30700179533213645,12789
Bareilly,India,Asia,0.017343022613585116,0.017029975815587715,0.5673249551166967,32051
Pointe Noire,Republic of the Congo,Unknown,0.01730598150160818,0.016693310324795953,0.718132854578097,42981
Adelaide,Australia,Oceania,0.01730356159228823,0.017526843293608065,0.303411131059246,12497
Suweon,South Korea,Asia,0.017274660175296584,0.01748760175924927,0.3087971274685817,12877
Mianyang Sichuan,China,Asia,0.017225712009506722,0.017104537473115026,0.47217235188509876,25066
Samut Prakan,Thailand,Asia,0.017217379821734633,0.017309876822715797,0.3680430879712747,17275
Maceio,Brazil,South America,0.017212924988668363,0.017437089595525358,0.303411131059246,12474
San Diego,United States,North America,0.0171982955368705,0.017842859675125073,0.10233393177737882,-2855
Qom,Iran,Asia,0.01715286723918238,0.017181073547465422,0.4003590664272891,19626
Antalya,Turkey,Asia,0.017114368681819574,0.016990926238420048,0.47576301615798927,25160
Joinville,Brazil,South America,0.01682815940679663,0.01702605440439742,0.31956912028725315,13471
Tengzhou,China,Asia,0.016794803156738713,0.01632390242168805,0.6535008976660682,37863
Yingkou,China,Asia,0.016651396030562243,0.016330977415304104,0.5798922800718134,32390
Ad Dammam,Saudi Arabia,Asia,0.01657846876332927,0.016498720577898644,0.45960502692998206,23621
Suzhou,China,Asia,0.01649822677019735,0.015981587904985797,0.6822262118491922,39561
Tanger,Morocco,Africa,0.01646671295109894,0.01608428500224206,0.6140035906642729,34670
Freetown,Sierra Leone,Africa,0.01643126677935561,0.01594689849830244,0.6660682226211849,38391
Helsinki,Finland,Europe,0.016410670051166507,0.01673167434056672,0.26032315978456017,9024
Aligarh,India,Asia,0.016388890867286978,0.01603467777956207,0.599640933572711,33649
Moradabad,India,Asia,0.016112471225422007,0.01574320449605424,0.6122082585278277,34226
Pekan Baru,Indonesia,Asia,0.016073037703094675,0.01578749176229426,0.5691202872531419,31177
Maoming,China,Asia,0.016056483323428666,0.01580243700074677,0.5529622980251347,30030
Lilongwe,Malawi,Africa,0.01603354918282825,0.015046015977858453,0.9389587073608617,56780
Porto,Portugal,Europe,0.01592919059340549,0.016371507805089083,0.2028725314183124,4649
Prague,Czech Republic,Unknown,0.015891956988641747,0.016335502120523673,0.2028725314183124,4608
Astana,Kazakhstan,Asia,0.015786470941467647,0.015456365607589482,0.5960502692998204,32831
Jieyang,China,Asia,0.015694844374944162,0.015215020573423301,0.6768402154398564,38300
Fushun Liaoning,China,Asia,0.0155985154846285,0.015820672933904423,0.31418312387791747,12711
Mysore,India,Asia,0.015576103824449437,0.015373138454005304,0.533213644524237,28216
Ruian,China,Asia,0.0155299880525227,0.015196126501324615,0.6014362657091563,32994
Fes,Morocco,Africa,0.015489482070383118,0.015422334339847157,0.4631956912028725,23272
Port Elizabeth,South Africa,Africa,0.015470782771092612,0.01558382518250193,0.37163375224416517,16703
Florianopolis,Brazil,South America,0.015395545590417867,0.01554428200112849,0.3536804308797128,15409
Ahvaz,Iran,Asia,0.015381163629345902,0.015520506731883852,0.3590664272890485,15753
Bukavu,DR Congo,Africa,0.015356332059846888,0.014290993500219822,0.9982046678635549,59686
Kazan,Russia,Asia,0.015019827169526389,0.015472928770938695,0.20107719928186715,4348
Jinhua,China,Asia,0.015015234841612397,0.0145421283511338,0.6840215439856374,38124
Dallas,United States,North America,0.014998240478433674,0.01562679617085989,0.11131059245960503,-2048
San Luis Potosi,Mexico,North America,0.014907108893361994,0.014963995412332825,0.4057450628366248,18808
Baoji,China,Asia,0.014854805853287665,0.014628125172761474,0.55475763016158,29154
Durg Bhilainagar,India,Asia,0.014839461428281627,0.014764058286539653,0.47576301615798927,23639
Bhubaneswar,India,Asia,0.014827939360042331,0.014533929036826824,0.5906642728904847,31612
Kigali,Rwanda,Africa,0.014792135701694919,0.014257209034580377,0.7217235188509874,40401
Sofia,Bulgaria,Europe,0.014780806126242437,0.015369546112285522,0.13285457809694795,-574
Pingdingshan Henan,China,Asia,0.014731582970757131,0.014504833811142207,0.5565529622980252,29169
Dublin,Ireland,Europe,0.014698611706272836,0.014877532408955254,0.3429084380610413,14379
Puning,China,Asia,0.014649251055939807,0.014438444045465997,0.5493716337522442,28596
Chifeng,China,Asia,0.014560924365761705,0.014390564437506196,0.5296229802513466,27130
Zhuzhou,China,Asia,0.014497511741991247,0.014448288707125539,0.4649910233393178,22719
Zhenjiang Jiangsu,China,Asia,0.014446831141120064,0.014342684829546402,0.49551166965888693,24727
Liupanshui,China,Asia,0.014377451240958374,0.01379357757308194,0.755834829443447,42228
Barquisimeto,Venezuela,South America,0.014239956393234058,0.014439321564054034,0.3357271095152603,13680
Islamabad,Pakistan,Asia,0.0142102575061256,0.01384302026102668,0.6409335727109515,34345
Huaibei,China,Asia,0.014157019501086745,0.013947883732297158,0.55475763016158,28585
Tasikmalaya,Indonesia,Asia,0.013971896438110722,0.013331070432274435,0.7953321364452424,44346
Maracay,Venezuela,South America,0.01392869555695574,0.014130901202814728,0.3357271095152603,13608
Bogor,Indonesia,Asia,0.013917750967076887,0.01381554296023876,0.5008976660682227,24710
Da Nang,Vietnam,Asia,0.013837261483219069,0.013519078789761465,0.6193895870736087,32594
Nizhniy Novgorod,Russia,Asia,0.013756799498330797,0.01436089334024818,0.125673249551167,-1030
Nanyang Henan,China,Asia,0.013756744500391712,0.013628631500986772,0.5170556552962299,25671
Xiangtan Hunan,China,Asia,0.013731445448410432,0.013608969600123557,0.5134649910233393,25468
Pizhou,China,Asia,0.013670865218503098,0.013152742201711688,0.7342908438061041,39902
Tiruchirappalli,India,Asia,0.013610394984473948,0.01355544096625327,0.4775583482944345,23018
Chelyabinsk,Russia,Asia,0.013580283612822323,0.014075535264400741,0.18312387791741475,2957
Mendoza,Argentina,South America,0.013537275224454155,0.013677937076652127,0.3734290843806104,15892
Luohe,China,Asia,0.013505183926995293,0.01289661646382825,0.7881508078994615,43217
Chandigarh,India,Asia,0.01346522792424661,0.013358410620782978,0.5080789946140036,24924
Merida,Mexico,North America,0.013463990470617093,0.013518228693629303,0.42010771992818674,19051
Jinzhou,China,Asia,0.0134288742865083,0.013374891516764558,0.4793536804308797,23001
Benxi,China,Asia,0.013406132638694699,0.013415367061637786,0.44524236983842014,20698
Binzhou,China,Asia,0.01329707172547977,0.012959331620417052,0.6391382405745063,33362
Aba,Nigeria,Africa,0.013209707499235734,0.012646194596767048,0.7684021543985639,41604
Chiang Mai,Thailand,Asia,0.013164774182999429,0.013319278776247678,0.3680430879712747,15425
Bazhong,China,Asia,0.01307727246190767,0.012294803247169788,0.8976660682226213,49602
Quetta,Pakistan,Asia,0.012964636682651912,0.012688562291095735,0.6104129263913824,31147
Kaduna,Nigeria,Africa,0.012963426727991934,0.01260766604626103,0.6552962298025135,34053
Guilin,China,Asia,0.012870370215052118,0.012866616297099714,0.45780969479353684,21226
Saharanpur,India,Asia,0.012589578237029515,0.012176886686902245,0.6947935368043089,36167
Hubli Dharwad,India,Asia,0.012522810738974582,0.012437537130005259,0.5080789946140036,24234
Yueqing,China,Asia,0.012412044889647877,0.012126840704928237,0.6247755834829444,31536
Guwahati,India,Asia,0.012358559393883115,0.012304154304623557,0.49371633752244165,23125
Mexicali,Mexico,North America,0.012290554442198665,0.012363030317389698,0.42190305206463197,18505
Salem,India,Asia,0.012229369234961342,0.012129281303501212,0.5206463195691203,24804
Maputo,Mozambique,Africa,0.012188010784765866,0.011932936519427822,0.6104129263913824,30460
Tripoli,Libya,Africa,0.012165544126647717,0.012495069442433466,0.2782764811490126,9144
Haifa,Israel,Asia,0.01200162276919078,0.012252024216002955,0.3249551166965889,12046
Bandar Lampung,Indonesia,Asia,0.011994968018560929,0.011917826746240052,0.5098743267504489,23991
Amsterdam,Netherlands,Europe,0.011873532569050809,0.012240945543828981,0.2585278276481149,7792
Shimkent,Kazakhstan,Asia,0.01185161589032355,0.011721235160063782,0.5439856373429084,25947
Omsk,Russia,Asia,0.01184218374376966,0.01242522444731686,0.13824057450628366,-68
Aguascalientes,Mexico,North America,0.011804345161675927,0.011896053316274375,0.4165170556552963,17853
Hargeysa,Somalia,Africa,0.011730537927417514,0.010956834202515496,0.926391382405745,49419
Krasnoyarsk,Russia,Asia,0.011633686556680508,0.012042598920476637,0.236983842010772,6303
Xinxiang,China,Asia,0.011296686684908203,0.011324322533712069,0.45780969479353684,20241
Siliguri,India,Asia,0.011256290698646799,0.010930810291889009,0.6678635547576302,33122
Wenling,China,Asia,0.011253210814057769,0.011070993886327998,0.5834829443447038,27898
Samara,Russia,Asia,0.011120995768486065,0.011739306558486175,0.12028725314183125,-1281
Zaozhuang,China,Asia,0.011022219469880915,0.011133188016255156,0.4129263913824058,17230
Cologne,Germany,Europe,0.01097148387107064,0.011409770906222225,0.22262118491921007,5299
Yongin,South Korea,Asia,0.01094269244995717,0.0111891846711543,0.3339317773788151,12296
Ufa,Russia,Asia,0.010910216166924686,0.011439496848391992,0.17055655296229805,1987
Fuyang,China,Asia,0.01089803412341631,0.010778478549496876,0.5511669658886895,25649
Ikorodu,Nigeria,Africa,0.01086726277649561,0.010027487172872041,0.9928186714542191,51916
Bien Hoa,Vietnam,Asia,0.010806022571319195,0.010507818909999064,0.6606822262118492,32173
Jalandhar,India,Asia,0.010797360395912562,0.010727253401920187,0.5224416517055656,23856
Panjin,China,Asia,0.010793510540176281,0.010777957522835228,0.4901256732495512,21867
Ma'anshan,China,Asia,0.010730867887553081,0.010558714988105237,0.585278276481149,27584
Cuernavaca,Mexico,North America,0.010728255485446325,0.010864831863050942,0.4003590664272891,16326
Rostov on Don,Russia,Asia,0.010713736029526636,0.011276470348208154,0.1526032315978456,787
Chihuahua,Mexico,North America,0.010595517959453266,0.010657847166097599,0.44703770197486536,19047
Fuzhou Jiangxi,China,Asia,0.010495861693822679,0.010218429733137822,0.6535008976660682,31447
Shangrao,China,Asia,0.010473010050130897,0.010395715910377273,0.5314183123877918,24151
Samarinda,Indonesia,Asia,0.010398460343694772,0.010219883123299262,0.5942549371633752,27852
Bishkek,Kyrgyzstan,Asia,0.010385948312551858,0.010341035533360188,0.5134649910233393,22979
Zhaoqing,China,Asia,0.010382648436206475,0.010298804951310882,0.5368043087971275,24399
San Salvador,El Salvador,North America,0.010266465289879425,0.010651183509319689,0.2585278276481149,7324
Yichun Jiangxi,China,Asia,0.010229754165537033,0.009624980365521594,0.8617594254937164,43411
Chenzhou,China,Asia,0.01016788148406109,0.009798811313320645,0.7163375224416517,34822
Sekondi Takoradi,Ghana,Africa,0.01016081424888806,0.009605757223952398,0.8330341113105926,41605
Leshan,China,Asia,0.010077299878380307,0.009865722105658503,0.6193895870736087,29088
Aden,Yemen,Asia,0.010068940191638669,0.009653499719632811,0.7468581687612208,36523
Goyang,South Korea,Asia,0.010010807370020827,0.010355871081989196,0.2836624775583483,8796
Diyarbakir,Turkey,Asia,0.00999029313874036,0.010127003265246667,0.40754039497307004,16396
Asmara,Eritrea,Africa,0.009946707272011749,0.009461432838676107,0.7935368043087973,39082
Dezhou,China,Asia,0.009853430767315572,0.009681196400067746,0.599640933572711,27676
Jingzhou Hubei,China,Asia,0.009845483565117108,0.009933647528863783,0.4398563734290844,18181
Managua,Nicaragua,North America,0.009819387043019032,0.010060448964835201,0.3464991023339318,12608
Johor Bahru,Malaysia,Asia,0.009816169663582282,0.009832952270886479,0.4829443447037702,20787
Kermanshah,Iran,Asia,0.009667950217735467,0.009789323143587492,0.42190305206463197,16988
Nyala,Sudan,Africa,0.009659783023780642,0.009030516367037947,0.8940754039497308,44362
Oslo,Norway,Europe,0.009647518483363635,0.009826864485681968,0.3859964093357271,14876
Kirkuk,Iraq,Asia,0.00963437397592119,0.009522255845809454,0.5655296229802513,25506
Yerevan,Armenia,Asia,0.009556056910657418,0.01006875796896568,0.18491921005385997,2729
Cartagena,Colombia,South America,0.00952638552251851,0.009870932372274977,0.28725314183123885,8864
Changshu,China,Asia,0.009450048383061967,0.009111412611872653,0.7127468581687613,33785
Huzhou,China,Asia,0.009398460316195803,0.009323909222457107,0.5457809694793536,24160
Xuchang,China,Asia,0.009396617885236297,0.00922038945152456,0.6104129263913824,27868
Solapur,India,Asia,0.009297264108270704,0.009397154602102362,0.4380610412926392,17809
Lille,France,Europe,0.009216637129565164,0.00963841736890092,0.2405745062836625,6079
Mersin,Turkey,Asia,0.009206132523199025,0.009371925942696282,0.3985637342908438,15415
Tbilisi,Georgia,Asia,0.009196617879736503,0.009724112543513956,0.177737881508079,2226
Perm,Russia,Asia,0.009186965741426256,0.009711032032061022,0.17953321364452424,2352
Voronezh,Russia,Asia,0.009176076149486491,0.009684706474419897,0.18850987432675045,2916
Denpasar,Indonesia,Asia,0.008942884887746045,0.008923267142106239,0.5188509874326751,22203
Toulouse,France,Europe,0.008819194522733248,0.009126714342251558,0.31418312387791747,10286
Blantyre Limbe,Malawi,Africa,0.008815867147418319,0.008318135808286761,0.8312387791741472,39651
Aracaju,Brazil,South America,0.008802035165737254,0.009031448730537735,0.362657091561939,13136
Marrakech,Morocco,Africa,0.008720913205579904,0.00883137449246519,0.4398563734290844,17482
Qujing,China,Asia,0.008713350988955069,0.008537241230737371,0.6229802513464991,27933
Yueyang,China,Asia,0.008638251303128043,0.008809409105308374,0.4021543985637343,15277
Ilorin,Nigeria,Africa,0.008625794269924221,0.008305082719289703,0.718132854578097,33215
Tampico,Mexico,North America,0.008594280450825807,0.008764491122583207,0.4021543985637343,15316
Antwerp,Belgium,Europe,0.0085536369738385,0.009037728472933378,0.2064631956912029,3874
Teresina,Brazil,South America,0.008514258449450255,0.008852462361033965,0.29802513464991026,9198
Guiping,China,Asia,0.008411522299230641,0.008028143337396244,0.7648114901256733,35522
Warangal,India,Asia,0.00840280512588492,0.008321316813168396,0.5673249551166967,24514
Changwon,South Korea,Asia,0.00839645286392006,0.008961686002788755,0.1561938958707361,931
Padang,Indonesia,Asia,0.00832704546478882,0.008391381187932014,0.473967684021544,19204
Saltillo,Mexico,North America,0.008257500570809862,0.008404571389208453,0.42190305206463197,16194
Xintai,China,Asia,0.008234566430209443,0.008120200521772553,0.5906642728904847,25730
Cancun,Mexico,North America,0.00811134354767891,0.008088609852603203,0.533213644524237,22401
Cebu City,Philippines,Asia,0.008045566012527598,0.008152805821809321,0.4488330341113106,17668
San Miguel De Tucuman,Argentina,South America,0.007952427002679143,0.008202769536415706,0.35727109515260325,12459
Hamah,Syria,Asia,0.007822411874671028,0.0073521249551368635,0.8384201077199281,38751
Acapulco De Juarez,Mexico,North America,0.0077749486532365936,0.007989121182684453,0.38240574506283664,13796
Warri,Nigeria,Africa,0.007737907541259661,0.007110094359573774,0.9497307001795333,44504
Kayseri,Turkey,Asia,0.0075751686394931565,0.007831825975778733,0.35727109515260325,12267
Chengde,China,Asia,0.007548054655521923,0.007279455447065011,0.7073608617594256,31424
Owerri,Nigeria,Africa,0.007504083803219683,0.0070122236145517165,0.8617594254937164,39570
Rotterdam,Netherlands,Europe,0.007476502336766187,0.007962685935219826,0.20825852782764814,3907
Pingxiang Jiangxi,China,Asia,0.007467042691242754,0.007461101794788771,0.533213644524237,21854
Zhucheng,China,Asia,0.007412732226391647,0.007227654427914922,0.6535008976660682,28392
Songkhla,Thailand,Asia,0.007362794097698175,0.0076060568965502125,0.3680430879712747,12777
Valparaiso,Chile,South America,0.007329822833213883,0.007704558358057421,0.28186714542190305,7986
Dehradun,India,Asia,0.007324790521787174,0.0072459726284402025,0.5834829443447038,24526
Nonthaburi,Thailand,Asia,0.007249718334929694,0.0074947217256929564,0.3680430879712747,12725
Leiyang,China,Asia,0.007236491330578614,0.006874425773773955,0.7791741472172352,34864
Dushanbe,Tajikistan,Asia,0.007225574239669304,0.007109491065544496,0.6104129263913824,25895
Nampula,Mozambique,Africa,0.007219744458125794,0.006627486558609029,0.9407540394973071,43260
Misratah,Libya,Africa,0.007179513465681658,0.007035285899943577,0.6319569120287254,26926
Krasnodar,Russia,Asia,0.007163921549949721,0.0075004255965152,0.3087971274685817,9397
Laiwu,China,Asia,0.007141234900075209,0.00709163904676911,0.5673249551166967,23479
Bordeaux,France,Europe,0.007137577537125742,0.007481778326519403,0.303411131059246,9119
Jixi Heilongjiang,China,Asia,0.007120940660551099,0.007281594398623352,0.4254937163375225,15814
San Pedro Sula,Honduras,North America,0.007099793952971098,0.006975724325780534,0.6193895870736087,26199
Odesa,Ukraine,Europe,0.0070826345959751034,0.007680344329518762,0.13824057450628366,-120
Jiujiang,China,Asia,0.006990540546969355,0.006996455702422917,0.5314183123877918,21470
Lubango,Angola,Africa,0.006956689315459626,0.006332037018999155,0.9730700179533214,44468
Morelia,Mexico,North America,0.006941427387362229,0.0071600854966360344,0.3895870736086176,13717
Jos,Nigeria,Africa,0.006905513733136637,0.006649616480501101,0.7145421903052065,31026
Sylhet,Bangladesh,Asia,0.006856538068377233,0.0064895241830960106,0.7935368043087973,35083
Agadir,Morocco,Africa,0.0068227693337761415,0.006899681855635907,0.48653500897666074,18898
Volgograd,Russia,Asia,0.006690939273778063,0.007333779332155704,0.1095152603231598,-1726
Mudanjiang,China,Asia,0.006665145240344981,0.006792734277718839,0.4542190305206464,17066
Jacksonville,United States,North America,0.0066243642685099476,0.0069511538053154825,0.31956912028725315,9806
Guigang,China,Asia,0.006607287408422587,0.00657554842717956,0.5655296229802513,22882
Fort Worth,United States,North America,0.006594417890675594,0.006735887526687537,0.44524236983842014,16567
Najaf,Iraq,Asia,0.006538649980438609,0.006330364249190711,0.6894075403949731,29327
Bangui,Central African Republic,Unknown,0.006487804385750157,0.006326196035897531,0.6570915619389587,27630
Rajshahi,Bangladesh,Asia,0.006425711712517854,0.006426452534580816,0.5457809694793536,21716
Hengshui,China,Asia,0.0064253542259137715,0.006252923233796403,0.6660682226211849,28031
Austin,United States,North America,0.006409734811212289,0.006887012681021116,0.2190305206463196,4340
Jerusalem,Israel,Asia,0.006408937341095485,0.006640704182341344,0.3859964093357271,13293
Zhangzhou,China,Asia,0.006325257976770467,0.006248974400150233,0.6014362657091563,24535
Xinyu,China,Asia,0.006304606250642275,0.006160098220655559,0.6499102333931778,27025
Linfen,China,Asia,0.006285659460625863,0.006147593580776028,0.6445242369838421,26792
Tianmen,China,Asia,0.0062774922666710385,0.006200957679911058,0.6014362657091563,24549
Ciudad Guayana,Venezuela,South America,0.006274329885173378,0.006488838621699106,0.4003590664272891,13936
Zamboanga City,Philippines,Asia,0.0062435035403135865,0.00638142486203214,0.4524236983842011,16732
Yangjiang,China,Asia,0.006230441529779775,0.00626433097544089,0.526032315978456,20527
Taiz,Yemen,Asia,0.006173023681370102,0.00583985878093363,0.7881508078994615,33918
Cucuta,Colombia,South America,0.006117118276285392,0.006455355803074301,0.3159784560143627,9440
Arequipa,Peru,South America,0.0060844220014965485,0.006344377124143433,0.36983842010771995,12298
Liling,China,Asia,0.006073724902343598,0.005741055672411781,0.7899461400359067,33910
Antipolo,Philippines,Asia,0.006001705101105599,0.006005846906352096,0.5511669658886895,21635
Veracruz,Mexico,North America,0.005995710325744818,0.006240939620578513,0.3806104129263914,12844
Reynosa,Mexico,North America,0.005983528282236444,0.006136487486146178,0.44524236983842014,16210
Khulna,Bangladesh,Asia,0.005924570491532256,0.006237594080961622,0.3357271095152603,10379
Deyang,China,Asia,0.005860690385279539,0.0058005349792071975,0.5978456014362656,23994
Pathum Thani,Thailand,Asia,0.005832256450770148,0.006098946144051699,0.3680430879712747,12078
Bengbu,China,Asia,0.005767853864096079,0.005945846572895031,0.43087971274685816,15319
Jiangyin,China,Asia,0.005753169414359122,0.005642279986345814,0.6373429084380611,25855
Southampton,United Kingdom,Unknown,0.005751849463820968,0.006139613646116062,0.2854578096947935,7671
Villahermosa,Mexico,North America,0.005722040580834337,0.005920206576650811,0.4183123877917415,14588
Baishan,China,Asia,0.005690636757614102,0.0054815021275438185,0.7091561938958707,29444
Nice,France,Europe,0.005548522083006244,0.006046870900342848,0.21005385996409337,3659
Oran,Algeria,Africa,0.005519923154679588,0.005712262093741802,0.42369838420107725,14821
West Rand,South Africa,Africa,0.0054364912810804696,0.0056682216296046715,0.39676840215439857,13393
Cabinda,Angola,Africa,0.005433741384125983,0.004854734476038042,0.9928186714542191,42958
Umuahia,Nigeria,Africa,0.005428956563425177,0.004840008617232536,1.0,43321
Bogra,Bangladesh,Asia,0.005357926725090795,0.004885941230825124,0.9138240574506284,39063
Bahawalpur,Pakistan,Asia,0.005356139292070378,0.005265468020151338,0.6319569120287254,25158
Seongnam,South Korea,Asia,0.005283184525867856,0.005864758370869194,0.1526032315978456,651
Guntur,India,Asia,0.005229451539377192,0.00522899615383603,0.5673249551166967,21881
Dnipro,Ukraine,Europe,0.005134882583112406,0.0058668973224275354,0.04847396768402154,-4820
Campo Grande,Brazil,South America,0.005084559468845305,0.005442096058449759,0.3105924596050269,8841
Malang,Indonesia,Asia,0.005042101059868034,0.005259681881961468,0.4129263913824058,13949
Londrina,Brazil,South America,0.005028351575095603,0.00534145564538421,0.3429084380610413,10467
Dandong,China,Asia,0.0050216418265266564,0.005218356240956075,0.4272890484739677,14712
Changzhi,China,Asia,0.004965873916289672,0.005021106515838772,0.5314183123877918,19877
Hermosillo,Mexico,North America,0.004947752095359609,0.005139489257856206,0.4326750448833034,14901
Bhiwandi,India,Asia,0.004802255047497733,0.004906974254482149,0.4991023339317774,18089
La Plata,Argentina,South America,0.004775993531582388,0.005111408663039007,0.3303411131059246,9679
Liverpool,United Kingdom,Europe,0.004752784401286524,0.005193566340844016,0.25493716337522443,5839
Ashgabat,Turkmenistan,Asia,0.004717860709964546,0.0047910321110376936,0.5224416517055656,19248
Concepcion,Chile,South America,0.004699023915826314,0.005051792243964209,0.3177737881508079,9054
Charlotte,United States,North America,0.0046827720248253,0.0049739124692758825,0.362657091561939,11303
Puducherry,India,Asia,0.004654035601650917,0.004671195978858823,0.5655296229802513,21297
Changde,China,Asia,0.004647050863386522,0.004680930950694866,0.5529622980251347,20688
Bergamo,Italy,Europe,0.004637398725076274,0.005093309842160734,0.24416517055655296,5299
Firozabad,India,Asia,0.004624831695994272,0.004572612249983989,0.6175942549371634,23830
Erbil,Iraq,Asia,0.004608909792627798,0.004636451727263714,0.5583482944344704,20923
Tyumen,Russia,Asia,0.0045875430932914366,0.004831123741528658,0.3985637342908438,13047
Trujillo,Peru,South America,0.004581218330296118,0.004833344960454625,0.3931777378815081,12736
Liaoyang,China,Asia,0.004570383736295442,0.0047454834118273725,0.4506283662477559,15546
Shangqiu,China,Asia,0.004558971663934323,0.00459243868558246,0.55475763016158,20712
Ulsan,South Korea,Asia,0.004517090733317495,0.005075704625488231,0.17055655296229805,1566
Tuxtla Gutierrez,Mexico,North America,0.004483404495625037,0.004663270889110609,0.44703770197486536,15381
Columbus,United States,North America,0.004389935498142046,0.0049684554005565255,0.1561938958707361,853
Kuerle,China,Asia,0.004309885997796949,0.004054547213571354,0.7809694793536806,31269
Soshanguve,South Africa,Africa,0.004285219422115207,0.004514092729144235,0.414721723518851,13614
Xingtai,China,Asia,0.004235776274873541,0.004353040645783481,0.4991023339317774,17689
Culiacan,Mexico,North America,0.004231376439746363,0.004414439524490228,0.4488330341113106,15290
Quzhou,China,Asia,0.0041959302680030335,0.003943787914287497,0.7827648114901257,31164
Cherthala,India,Asia,0.004173903593397598,0.003916584838058335,0.7863554757630161,31355
Huangshi,China,Asia,0.0039343050717532,0.004093871015297783,0.47037701974865354,16177
Fuxin,China,Asia,0.003842458513473354,0.0040719604730527215,0.42010771992818674,13636
Hufuf Mubarraz,Saudi Arabia,Asia,0.003704578680175409,0.0039706893435020214,0.3931777378815081,12315
Libreville,Gabon,Africa,0.003681672038544536,0.003897608498592022,0.4326750448833034,14147
Yongzhou,China,Asia,0.0036653376506348874,0.0036439233592815597,0.6157989228007181,22804
Xinghua,China,Asia,0.0036559880009896344,0.003683850455037267,0.5780969479353681,21008
Donetsk,Ukraine,Europe,0.003634621301653273,0.00438964962437817,0.02872531418312388,-5507
Yibin,China,Asia,0.0036145745528550696,0.0037642530956661993,0.48473967684021546,16570
Enugu,Nigeria,Africa,0.0034515606613931167,0.0032610510303384514,0.7540394973070018,28992
Tainan,Taiwan,Asia,0.003447160826265939,0.0038935499751223505,0.2585278276481149,5767
Indianapolis (balance),United States,North America,0.0034113296689489807,0.004105525559045156,0.07360861759425494,-3266
Xinyang,China,Asia,0.003388753014952648,0.003497734247005689,0.5188509874326751,18077
Ipoh,Malaysia,Asia,0.003365543884656784,0.0035535115222578226,0.45780969479353684,15199
Luzhou,China,Asia,0.0033185206467350667,0.0035660710070491083,0.4129263913824058,13031
Banghazi,Libya,Africa,0.003312690865191554,0.0036079176747161462,0.3752244165170557,11293
Maiduguri,Nigeria,Africa,0.0033044136753585494,0.0032113341178349533,0.6804308797127468,25454
Yangquan,China,Asia,0.0032874743101189152,0.003400082881630642,0.5188509874326751,17955
Huaihua,China,Asia,0.0032871993204234666,0.003184103619149916,0.6894075403949731,25821
Xiaogan,China,Asia,0.0032845594193471606,0.0033438668470844903,0.5601436265709157,19899
Tianshui,China,Asia,0.0029873780554758173,0.003012027708526939,0.5942549371633752,21193
Bozhou,China,Asia,0.0028849168949516557,0.0028103629680135724,0.6768402154398564,24821
Kottayam,India,Asia,0.0028488657458783373,0.0024950869928052274,0.9084380610412927,35007
Zhuji,China,Asia,0.002820624304155764,0.0029380693450289028,0.5242369838420108,17826
Kunshan,China,Asia,0.0027873780499760234,0.0027085982342570994,0.6822262118491922,24985
Quebec City,Canada,North America,0.0027780833982698587,0.0031976777348086197,0.2854578096947935,6812
Palermo,Italy,Europe,0.0027553142514867117,0.003346801049863242,0.15080789946140036,546
Winnipeg,Canada,North America,0.0027283102633936553,0.003111543800901565,0.31418312387791747,8143
Orumiyeh,Iran,Asia,0.0027060910960014055,0.0029687276506984613,0.40933572710951527,12543
Eskisehir,Turkey,Asia,0.0026939640504321204,0.002918407444165688,0.4398563734290844,13937
Benguela,Angola,Africa,0.002562106491464499,0.0022438972969794947,0.888689407540395,33739
Jincheng,China,Asia,0.0025269353094166183,0.0024794287704999335,0.6642728904847397,23871
Valencia,Spain,Europe,0.0024675925331388016,0.0030345689672571508,0.17235188509874327,1469
Heze,China,Asia,0.002444438400782026,0.00271855258574015,0.40394973070017953,12151
Saratov,Russia,Asia,0.002410312179576851,0.003036653073903741,0.125673249551167,-690
Nellore,India,Asia,0.0024095697073991396,0.0024310555583343663,0.6104129263913824,21367
Huludao,China,Asia,0.0023733810634780986,0.0025637528223191597,0.47217235188509876,15212
Zanzibar,Tanzania,Africa,0.002359796572522936,0.0019845357093026643,0.9443447037701975,35840
Barcelona Puerto La Cruz,Venezuela,South America,0.002358559118893419,0.0026857553285122467,0.362657091561939,10224
Bikaner,India,Asia,0.002358476621984785,0.0024933868005409046,0.5188509874326751,17236
Haicheng,China,Asia,0.0023264953204041074,0.0025653981696717315,0.4344703770197487,13447
Gebze,Turkey,Asia,0.0022363261992664994,0.002351557858749343,0.5368043087971275,17966
Taixing,China,Asia,0.002216059458711936,0.002298276026981943,0.5637342908438061,19172
Liaocheng,China,Asia,0.002199037596563664,0.0023508722973524417,0.5080789946140036,16635
Zhumadian,China,Asia,0.0021813557591463147,0.0021086771670540926,0.6947935368043089,24824
Newcastle Upon Tyne,United Kingdom,Unknown,0.0021635089279117004,0.0026267970483784785,0.25493716337522443,5281
Langfang,China,Asia,0.0021430221956007765,0.002199061581621954,0.5870736086175943,20134
Bucheon,South Korea,Asia,0.00211420327551776,0.002724146766738888,0.13824057450628366,-62
Sulaimaniya,Iraq,Asia,0.002011907108810867,0.002006007492253707,0.6427289048473969,22406
Xalapa,Mexico,North America,0.0020026674550437905,0.0022870328200727125,0.4021543985637343,11822
Anqiu,China,Asia,0.0019724735864835308,0.0017629896882790722,0.8168761220825853,29834
Sorocaba,Brazil,South America,0.0019633989265337264,0.0023495285970145073,0.31956912028725315,8115
Gaomi,China,Asia,0.001955671716091619,0.0019284293645800178,0.6624775583482945,23190
Dasmarinas,Philippines,Asia,0.0019483019922535948,0.002055559870021949,0.5493716337522442,18286
Cagayan De Oro City,Philippines,Asia,0.0019321050991916722,0.002071848808812393,0.5224416517055656,17103
Hanchuan,China,Asia,0.0018898666819707616,0.001870046956019649,0.6570915619389587,22926
Meishan,China,Asia,0.001869957428020281,0.0018953030378816016,0.6193895870736087,21281
Bologna,Italy,Europe,0.0018372611532314377,0.002377280122361193,0.19569120287253144,2516
Ar Rayyan,Qatar,Asia,0.0018103396620470155,0.0019398919511362557,0.533213644524237,17487
Thessaloniki,Greece,Europe,0.001785893078121631,0.002382545233889418,0.15080789946140036,456
Muzaffarnagar,India,Asia,0.001772446082014191,0.0017433277874158576,0.6678635547576302,23277
Kayamkulam,India,Asia,0.0017418672278803025,0.0016056122140057257,0.7612208258527828,27187
Nottingham,United Kingdom,Unknown,0.0017335900380473016,0.0021695550190991945,0.2800718132854578,6321
Nakhon Ratchasima,Thailand,Asia,0.0016887117197500814,0.0020350752954824483,0.355475763016158,9593
Danyang,China,Asia,0.0016613227460833997,0.0017033184242925235,0.6104129263913824,20695
Amravati,India,Asia,0.0016011824996887795,0.0017818837603777553,0.49371633752244165,15643
Jiaozuo,China,Asia,0.0015961226892925277,0.0018885296912801858,0.4003590664272891,11570
Vereeniging,South Africa,Africa,0.0014537055260196753,0.0018177249102079122,0.3429084380610413,8973
Gorakhpur,India,Asia,0.0014188918305758809,0.0016627606120516655,0.44344703770197486,13358
Gaza,Palestine,Asia,0.001391447858970104,0.0013860954547169728,0.6570915619389587,22449
Frankfurt,Germany,Europe,0.0013885054692288033,0.0018865552744571044,0.2315978456014363,4092
Anqing,China,Asia,0.0012636051495560352,0.0014230609252380497,0.5188509874326751,16452
Niigata,Japan,Asia,0.001261652722718349,0.001925714541448277,0.0969479353680431,-1949
Oshogbo,Nigeria,Africa,0.0012586828340075025,0.0012031328291111539,0.7055655296229802,24293
Linhai,China,Asia,0.0012578303659516142,0.0013282066503623735,0.5960502692998204,19701
Shaoguan,China,Asia,0.0012166369095734063,0.001551809355576677,0.36983842010771995,10049
Erduosi Ordoss,China,Asia,0.0012128970497153058,0.0012800802402996928,0.599640933572711,19822
Merca,Somalia,Africa,0.001196452665927477,0.0008909007465050661,0.9299820466786356,33416
Bur Sa'id,Egypt,Africa,0.0011794033048096626,0.0013886457431134536,0.4775583482944345,14645
Kitwe,Zambia,Africa,0.0011635913973213653,0.0009691095906639059,0.8312387791741472,29369
Yan'an,China,Asia,0.0011495394238839399,0.001084475862534958,0.7163375224416517,24651
Cuttack,India,Asia,0.0010868142743521055,0.0013140292406743914,0.4649910233393178,13999
Hamilton,Canada,North America,0.0010121545720378003,0.0014645236785228236,0.27289048473967686,5796
Zaria,Nigeria,Africa,0.0009943902377118168,0.0010520899421452012,0.6140035906642729,20190
Banjarmasin,Indonesia,Asia,0.0009649113423597228,0.0011878859436440029,0.47037701974865354,14166
Dengzhou,China,Asia,0.0009076034898282265,0.0008640541622022928,0.7055655296229802,23891
Belgaum,India,Asia,0.0009070260114677868,0.0010837354562263021,0.5116696588868941,15859
Malegaon,India,Asia,0.0008769146398161613,0.0010142743754919595,0.5457809694793536,17297
Zigong,China,Asia,0.0008152894490661214,0.0011087995808971227,0.41113105924596055,11609
Qingyuan,China,Asia,0.0007862505372267445,0.0010733423454492332,0.4165170556552963,11846
Yuncheng,China,Asia,0.000746789515929866,0.0007423258805679678,0.6750448833034112,22482
Shaoyang,China,Asia,0.0007250928289589675,0.0009194201006162833,0.4991023339317774,15235
Yanji,China,Asia,0.0007049635832521266,0.0008112385121847865,0.5780969479353681,18448
Tirupati,India,Asia,0.0006989963068608912,0.0006883859098595381,0.6822262118491922,22711
Maturin,Venezuela,South America,0.0006891516757638293,0.0008375914922817869,0.5403949730700179,16912
Yuxi,China,Asia,0.0006687749393310856,0.0006159357814346927,0.7199281867145423,24254
Akure,Nigeria,Africa,0.0006353636913340767,0.00045877768680835374,0.8348294434470377,28770
Tongliao,China,Asia,0.0006247765880593031,0.0007820061742207854,0.5350089766606823,16598
Sialkot,Pakistan,Asia,0.0005754434366958203,0.000704318356723594,0.5601436265709157,17637
Tongling,China,Asia,0.0005498693950190953,0.0006931025722702391,0.547576301615799,17116
Krakow,Poland,Europe,0.0005323800503885638,0.0011456005166829465,0.1400359066427289,-21
Ansan,South Korea,Asia,0.0005165956418698124,0.0010711759714350164,0.1903052064631957,2119
Wuzhou,China,Asia,0.0005080709613109018,0.000659180994351416,0.5421903052064632,16833
Dazhou,China,Asia,0.00048112197115693714,0.0005653413503431542,0.6032315978456015,19275
Suining Sichuan,China,Asia,0.00043588616625563417,0.0006157986691553118,0.5188509874326751,15790
Mangalore,India,Asia,0.00036507631967761314,0.000587718074338113,0.48114901256732495,14239
Jiamusi,China,Asia,0.0003263302715888969,0.0006066395688926682,0.43087971274685816,12140
Al Hudaydah,Yemen,Asia,0.00025081810121870343,0.0001935476935740199,0.7378815080789947,24458
Seattle,United States,North America,0.00021878180169893763,0.0007125176710305672,0.24416517055655296,4368
Sargodha,Pakistan,Asia,0.00021666438104398292,0.00038876815695648714,0.5296229802513466,16097
Tamale,Ghana,Africa,0.000205417302500132,5.832756364861774e-05,0.822262118491921,27738
Sao Jose Dos Campos,Brazil,South America,0.000195270182738079,0.0005908716567638722,0.3303411131059246,7949
Bacoor,Philippines,Asia,0.000192465287844501,0.00033019379120498293,0.5619389587073609,17353
Dongtai,China,Asia,0.00017346349988900042,0.0002895537115964984,0.5816876122082586,18144
Zhangjiagang,China,Asia,0.00015718410991844012,0.0001691691303001043,0.6768402154398564,21942
Nanded Waghala,India,Asia,0.00015237179024809103,0.00029920641606491147,0.55475763016158,17025
Xianyang Shaanxi,China,Asia,0.00012127045569285122,0.00043464592563732113,0.40394973070017953,10955
Amara,Iraq,Asia,0.00010097621616874178,4.483571535754058e-05,0.7414721723518851,24432
Zarqa,Jordan,Asia,9.228654179256265e-05,0.0005700305902979798,0.2585278276481149,4964
Bhavnagar,India,Asia,4.006599862686755e-05,0.00026015683889724084,0.4901256732495512,14365
Sheffield,United Kingdom,Europe,3.4841194413343796e-05,0.0005000484829019922,0.2710951526032316,5427
Huambo,Angola,Africa,3.467620059607532e-05,0.0,0.7235188509874327,23656
Ribeirao Preto,Brazil,South America,3.7948577971923247e-06,0.00039691262635170935,0.3357271095152603,8059
Panzhihua,China,Asia,0.0,0.0002976433360799696,0.42010771992818674,11541
