Population (2023),Population Change,City_Delhi,City_Shanghai,City_Tokyo,Population (2024)
1.0,0.0,0.0,0.0,1.0,1.0
0.8833778893396409,0.02566563902674246,1.0,0.0,0.0,0.9090435283663834
0.7810783902711269,0.019633360057808913,0.0,1.0,0.0,0.8007117503289358
0.616510967446693,0.02106958081621224,0.0,0.0,0.0,0.6375805482629052
0.6003350091744568,0.006200632418713603,0.0,0.0,0.0,0.6065356415931704
0.5883641473985523,0.013143857592730734,0.0,0.0,0.0,0.601508004991283
0.5910581568862833,0.007189597774730161,0.0,0.0,0.0,0.5982477546610134
0.5769293397901151,0.01262233323481754,0.0,0.0,0.0,0.5895516730249326
0.5640490945324449,0.011314952638297515,0.0,0.0,0.0,0.5753640471707424
0.5014413517033075,-0.00048099144040747444,0.0,0.0,0.0,0.5009603602629
0.4555709870855589,0.01256836306264264,0.0,0.0,0.0,0.4681393501482015
0.4527060534303518,0.01198580590394932,0.0,0.0,0.0,0.4646918593343011
0.4274583079949841,0.020287778839777004,0.0,0.0,0.0,0.4477460868347611
0.4173223650091218,0.01677587324464519,0.0,0.0,0.0,0.434098238253767
0.4146310154996108,0.0060293563046067145,0.0,0.0,0.0,0.4206603718042175
0.4048315186248932,0.004030090308466017,0.0,0.0,0.0,0.4088616089333592
0.4005091362847793,0.007046216597259791,0.0,0.0,0.0,0.4075553528820391
0.3822538977181884,0.00800919564804542,0.0,0.0,0.0,0.3902630933662338
0.3717583366459659,0.008829051793120768,0.0,0.0,0.0,0.3805873884390867
0.3705048561878662,0.00680402260517321,0.0,0.0,0.0,0.3773088787930394
0.3633955022346011,0.012158969800445507,0.0,0.0,0.0,0.3755544720350466
0.3532055918555745,0.01138196113734602,0.0,0.0,0.0,0.3645875529929205
0.356494092764245,0.0030359872448318947,0.0,0.0,0.0,0.3595300800090769
0.3385299984116913,0.006907079697399288,0.0,0.0,0.0,0.3454370781090906
0.3277737046289983,0.0011763662894692106,0.0,0.0,0.0,0.3289500709184675
0.3029771682826171,0.007861861301846795,0.0,0.0,0.0,0.3108390295844639
0.2956228221085543,0.004340750006489591,0.0,0.0,0.0,0.2999635721150439
0.2885170879194648,0.0053360206699236135,0.0,0.0,0.0,0.2938531085893884
0.2872979677985778,0.004518402112500708,0.0,0.0,0.0,0.2918163699110785
0.2874092481245234,0.0020631921194594893,0.0,0.0,0.0,0.2894724402439829
0.2836123897288204,0.0046822146516168894,0.0,0.0,0.0,0.2882946043804373
0.2762407125626439,0.007516781834647324,0.0,0.0,0.0,0.2837574943972912
0.2539431297753464,0.000554443564336593,0.0,0.0,0.0,0.254497573339683
0.2460019978904453,0.006920104486073386,0.0,0.0,0.0,0.2529221023765187
0.2447764334924274,0.004861246959591808,0.0,0.0,0.0,0.2496376804520192
0.2446211675472565,0.0028144779205186987,0.0,0.0,0.0,0.2474356454677752
0.2348649707303675,0.009903247192586395,0.0,0.0,0.0,0.2447682179229539
0.2405536220895999,0.0032514444250451024,0.0,0.0,0.0,0.243805066514645
0.2356473333965146,0.006828130441666691,0.0,0.0,0.0,0.2424754638381813
0.24246077162842,-0.0002816641850237056,0.0,0.0,0.0,0.2421791074433963
0.2209573431632965,0.006288668860517904,0.0,0.0,0.0,0.2272460120238144
0.217267130698496,0.005595738072653983,0.0,0.0,0.0,0.22286286877115
0.2191221227262396,0.0036419147483660874,0.0,0.0,0.0,0.2227640374746057
0.2164751427503363,0.0053203810168993,0.0,0.0,0.0,0.2217955237672356
0.2059307148617425,0.0049810467472705955,0.0,0.0,0.0,0.2109117616090131
0.2014560556241482,0.007552309809878088,0.0,0.0,0.0,0.2090083654340263
0.2012070048798808,0.007248713763202297,0.0,0.0,0.0,0.2084557186430831
0.191509217894008,0.005688587611225204,0.0,0.0,0.0,0.1971978055052332
0.1906772754276367,0.004024806098613276,0.0,0.0,0.0,0.19470208152625
0.1907173944805835,0.003714482170918687,0.0,0.0,0.0,0.1944318766515022
0.1907824131234659,0.0010455311038940207,0.0,0.0,0.0,0.1918279442273599
0.1883852791430504,0.0028672766455528076,0.0,0.0,0.0,0.1912525557886032
0.1881018132166584,0.0023315757681728055,0.0,0.0,0.0,0.1904333889848312
0.1765658715909499,0.004812161720696789,0.0,0.0,0.0,0.1813780333116467
0.1693542592997226,0.0011645409345356073,0.0,0.0,0.0,0.1705188002342582
0.1666235037211175,0.003539349851351986,0.0,0.0,0.0,0.1701628535724695
0.1651855524023387,0.0007213681505807978,0.0,0.0,0.0,0.1659069205529195
0.1540238998768841,0.005251066691931094,0.0,0.0,0.0,0.1592749665688152
0.1547810338836252,0.0014514466947462834,0.0,0.0,0.0,0.1562324805783715
0.1500111170636122,0.0032768013548648,0.0,0.0,0.0,0.153287918418477
0.1513787572055245,0.0012507808841094037,0.0,0.0,0.0,0.1526295380896339
0.1467198464868982,0.0036294220501364993,0.0,0.0,0.0,0.1503492685370347
0.1467983844005275,0.000848175413759783,0.0,0.0,0.0,0.1476465598142873
0.1442115144479047,0.0030333954172103994,0.0,0.0,0.0,0.1472449098651151
0.1407219246702943,0.004056052636950996,0.0,0.0,0.0,0.1447779773072453
0.139261925696991,0.0034759305586903877,0.0,0.0,0.0,0.1427378562556814
0.1359799787552749,0.004723118747903904,0.0,0.0,0.0,0.1407030975031788
0.1360075657458864,0.0004390487583516012,0.0,0.0,0.0,0.136446614504238
0.1338928830609954,0.0024921612504316126,0.0,0.0,0.0,0.136385044311427
0.1297891125391263,0.006429563006554284,0.0,0.0,0.0,0.1362186755456806
0.1332960607313064,0.0027164550396963916,0.0,0.0,0.0,0.1360125157710028
0.1325506361132244,0.0003153375665768954,0.0,0.0,0.0,0.1328659736798013
0.1260752619173605,0.005676041031939721,0.0,0.0,0.0,0.1317513029493002
0.1275697857626119,0.0034235630891231994,0.0,0.0,0.0,0.1309933488517351
0.1286727169379515,0.001937543769054112,0.0,0.0,0.0,0.1306102607070056
0.1306030110295311,-0.0005867830626336001,0.0,0.0,0.0,0.1300162279668975
0.1280479785481806,0.0019410529378370012,0.0,0.0,0.0,0.1299890314860176
0.1241070151468483,0.00463669800436059,0.0,0.0,0.0,0.1287437131512089
0.1236140142351065,0.0019342911560197157,0.0,0.0,0.0,0.1255483053911262
0.1203573233752524,0.0018843684229516988,0.0,0.0,0.0,0.1222416917982041
0.1204737865453585,0.0014802935303758064,0.0,0.0,0.0,0.1219540800757343
0.1150055568864587,0.002633357389326088,0.0,0.0,0.0,0.1176389142757848
0.1134575866747047,0.0035760477824281073,0.0,0.0,0.0,0.1170336344571328
0.114149784305931,0.0021102766389351907,0.0,0.0,0.0,0.1162600609448662
0.1134000817847324,0.0019078823375819898,0.0,0.0,0.0,0.1153079641223144
0.1136772405462728,0.0014124917537335913,0.0,0.0,0.0,0.1150897323000064
0.1106123971877284,0.0024370490668967904,0.0,0.0,0.0,0.1130494462546252
0.1092165393387195,0.0022205873335511966,0.0,0.0,0.0,0.1114371266722707
0.1058787876992954,0.003521682791574096,0.0,0.0,0.0,0.1094004704908695
0.1066217168738927,0.0027486697442947045,0.0,0.0,0.0,0.1093703866181874
0.1037020205743008,0.00441655795226531,0.0,0.0,0.0,0.1081185785265661
0.1044866867267415,0.0030286194059494093,0.0,0.0,0.0,0.1075153061326909
0.105468739716579,0.0019556823217661,0.0,0.0,0.0,0.1074244220383451
0.1035610691510972,0.0005181582400543977,0.0,0.0,0.0,0.1040792273911516
0.1012769979562592,0.0017256447772108913,0.0,0.0,0.0,0.1030026427334701
0.0992923251346771,0.00357301524385549,0.0,0.0,0.0,0.1028653403785326
0.0998953997843059,0.0019634233109456084,0.0,0.0,0.0,0.1018588230952515
0.098181084955207,0.0005842690600646044,0.0,0.0,0.0,0.0987653540152716
0.0983925943573799,0.00010700961621019911,0.0,0.0,0.0,0.0984996039735901
0.0954148721411541,0.002439496011035297,0.0,0.0,0.0,0.0978543681521894
0.0969740032924497,0.0007873358457693991,0.0,0.0,0.0,0.0977613391382191
0.0949982153465715,0.0023873778717865973,0.0,0.0,0.0,0.0973855932183581
0.0953917275883946,0.0007546520663937878,0.0,0.0,0.0,0.0961463796547884
0.0921645158686074,0.003914848797400103,0.0,0.0,0.0,0.0960793646660075
0.0955478436296976,0.0004189127560236955,0.0,0.0,0.0,0.0959667563857213
0.0937126506150966,0.0018942817541302004,0.0,0.0,0.0,0.0956069323692268
0.091469219499867,0.003486702264354699,0.0,0.0,0.0,0.0949559217642217
0.0929809372249527,0.0016374071891362002,0.0,0.0,0.0,0.0946183444140889
0.0899853081450397,0.004470489860069496,0.0,0.0,0.0,0.0944557980051092
0.0925416569042723,0.0006069775835218089,0.0,0.0,0.0,0.0931486344877941
0.0892331376028122,0.0024887403491162113,0.0,0.0,0.0,0.0917218779519284
0.0862332854646943,0.00447564044507949,0.0,0.0,0.0,0.0907089259097738
0.0882391009997569,0.002182405680333996,0.0,0.0,0.0,0.0904215066800909
0.0875527169291763,0.0022589451033181995,0.0,0.0,0.0,0.0898116620324945
0.0875347552205774,0.0020979985160582,0.0,0.0,0.0,0.0896327537366356
0.0879669331251859,0.0016090902372785931,0.0,0.0,0.0,0.0895760233624645
0.0863057904380309,0.0031835561724282008,0.0,0.0,0.0,0.0894893466104591
0.0876027080662386,0.001733689275612002,0.0,0.0,0.0,0.0893363973418506
0.0885949073647502,0.0006377638639770977,0.0,0.0,0.0,0.0892326712287273
0.0867974476494348,0.001209484510799802,0.0,0.0,0.0,0.0880069321602346
0.0846547940595501,0.002659109070214799,0.0,0.0,0.0,0.0873139031297649
0.0833806644921756,0.003335823524227205,0.0,0.0,0.0,0.0867164880164028
0.0846103696810307,0.0007030659112540055,0.0,0.0,0.0,0.0853134355922847
0.082314260028063,0.0024002205085651013,0.0,0.0,0.0,0.0847144805366281
0.0818067800596186,0.002069394390434298,0.0,0.0,0.0,0.0838761744500529
0.078243478720613,0.0018172962019986916,0.0,0.0,0.0,0.0800607749226117
0.0754792129009272,0.003896865178986908,0.0,0.0,0.0,0.0793760780799141
0.0755437927845156,0.002971320057918392,0.0,0.0,0.0,0.078515112842434
0.0766800148212889,0.0013446264003428993,0.0,0.0,0.0,0.0780246412216318
0.0780524538929795,-0.00031734932168560326,0.0,0.0,0.0,0.0777351045712939
0.0763131297841216,0.0012008005751230066,0.0,0.0,0.0,0.0775139303592446
0.0740925964195486,0.002641243171647295,0.0,0.0,0.0,0.0767338395911959
0.0734486897331202,0.0023664367845512985,0.0,0.0,0.0,0.0758151265176715
0.0743067657999415,0.001279761783903599,0.0,0.0,0.0,0.0755865275838451
0.0752556650406247,-0.0002554429864456975,0.0,0.0,0.0,0.075000222054179
0.0739077690669432,0.0005705775432134075,0.0,0.0,0.0,0.0744783466101566
0.0724010696512828,0.0008973236746732949,0.0,0.0,0.0,0.0732983933259561
0.0703346504887339,0.0027515057902749024,0.0,0.0,0.0,0.0730861562790088
0.0717678577226462,0.0009478324386542059,0.0,0.0,0.0,0.0727156901613004
0.0705973576160277,0.0020918785365705017,0.0,0.0,0.0,0.0726892361525982
0.070472612864247,0.0014612265949538045,0.0,0.0,0.0,0.0719338394592008
0.0704789474515543,0.001116434690488305,0.0,0.0,0.0,0.0715953821420426
0.0672839845398775,0.003503395380028404,0.0,0.0,0.0,0.0707873799199059
0.0687349066802857,0.0010053949762603986,0.0,0.0,0.0,0.0697403016565461
0.0685660666194561,0.0005138747824396939,0.0,0.0,0.0,0.0690799414018958
0.066220432011176,0.0009659028488909066,0.0,0.0,0.0,0.0671863348600669
0.0666337432661417,0.0002739720344966945,0.0,0.0,0.0,0.0669077153006384
0.0665523534171012,-0.00026347492710049325,0.0,0.0,0.0,0.0662888784900007
0.0649215125436894,0.0013398669767664961,0.0,0.0,0.0,0.0662613795204559
0.0665494192143225,-0.0004266345003726968,0.0,0.0,0.0,0.0661227847139498
0.0634442648456401,0.0020929843097908934,0.0,0.0,0.0,0.065537249155431
0.0647381934261572,0.0004427240819113998,0.0,0.0,0.0,0.0651809175080686
0.0635939366098122,0.001201995324628391,0.0,0.0,0.0,0.0647959319344406
0.0635315779451498,0.0007805921170574992,0.0,0.0,0.0,0.0643121700622073
0.0624619924761556,0.0017745554198032934,0.0,0.0,0.0,0.0642365478959589
0.0625617553706331,0.0016121773716721993,0.0,0.0,0.0,0.0641739327423053
0.0617622810920192,0.002063157209243993,0.0,0.0,0.0,0.0638254383012632
0.0619696497033548,0.0015566273082298007,0.0,0.0,0.0,0.0635262770115846
0.0626066733533583,0.0006692530394898921,0.0,0.0,0.0,0.0632759263928482
0.0625216088952304,0.0007529700481101048,0.0,0.0,0.0,0.0632745789433405
0.060376898621155,0.0028854157817684994,0.0,0.0,0.0,0.0632623144029235
0.0593450738739023,0.0031551065880853005,0.0,0.0,0.0,0.0625001804619876
0.0627740600240264,-0.0003461193550331962,0.0,0.0,0.0,0.0624279406689932
0.062328362848671,-5.499388748939765e-05,0.0,0.0,0.0,0.0622733689611816
0.0600600595659617,0.001661405076454403,0.0,0.0,0.0,0.0617214646424161
0.0615498119038906,9.438063410450309e-05,0.0,0.0,0.0,0.0616441925379951
0.0593278799940679,0.002108062847563902,0.0,0.0,0.0,0.0614359428416318
0.0596210534698401,0.0009338498865438041,0.0,0.0,0.0,0.0605549033563839
0.0605958943537821,-0.0004971439042084011,0.0,0.0,0.0,0.0600987504495737
0.0571571183869102,0.002898596175325799,0.0,0.0,0.0,0.060055714562236
0.0585768063500755,0.0002819055668422041,0.0,0.0,0.0,0.0588587119169177
0.0581584219407727,0.0006998774916018025,0.0,0.0,0.0,0.0588582994323745
0.0573255196884458,0.0015185077787348983,0.0,0.0,0.0,0.0588440274671807
0.0569842198026109,0.0016472956279271062,0.0,0.0,0.0,0.058631515430538
0.0581607254270663,-9.252638765479965e-05,0.0,0.0,0.0,0.0580681990394115
0.0558579795397766,0.0014628525053446,0.0,0.0,0.0,0.0573208320451212
0.056284618108298,0.0008692126947772022,0.0,0.0,0.0,0.0571538308030752
0.0556936916066224,0.0014374525465782953,0.0,0.0,0.0,0.0571311441532007
0.0565825082464809,0.00011266724355549901,0.0,0.0,0.0,0.0566951754900364
0.0555731150681349,-0.0001269977727652999,0.0,0.0,0.0,0.0554461172953696
0.0516321516668026,0.0027272338511235006,0.0,0.0,0.0,0.0543593855179261
0.0523794135894283,0.0019181267459913998,0.0,0.0,0.0,0.0542975403354197
0.0529920038312461,0.0012120125087515948,0.0,0.0,0.0,0.0542040163399977
0.0533739437966894,0.000638954704971495,0.0,0.0,0.0,0.0540128985016609
0.0509270654813145,0.002292377753098894,0.0,0.0,0.0,0.0532194432344134
0.0531298839393915,7.432486589400294e-05,0.0,0.0,0.0,0.0532042088052855
0.0529101752229116,0.0002308409503598008,0.0,0.0,0.0,0.0531410161732714
0.0520677573783956,0.0008485097167856004,0.0,0.0,0.0,0.0529162670951812
0.0514212729811149,0.0012862219372817008,0.0,0.0,0.0,0.0527074949183966
0.0531576354647382,-0.0006095520727931042,0.0,0.0,0.0,0.0525480833919451
0.0514336130862592,0.00036413342268470233,0.0,0.0,0.0,0.0517977465089439
0.0507897063998308,0.0009965455398433035,0.0,0.0,0.0,0.0517862519396741
0.0503712397231604,0.001184625849666901,0.0,0.0,0.0,0.0515558655728273
0.0489884623856044,0.001085621213297902,0.0,0.0,0.0,0.0500740835989023
0.0483893639920777,0.0012651403295090985,0.0,0.0,0.0,0.0496545043215868
0.0487259746379577,0.00039854204359090345,0.0,0.0,0.0,0.0491245166815486
0.0479291054926521,0.00048659774990809923,0.0,0.0,0.0,0.0484157032425602
0.0461833645291191,0.001403877257963003,0.0,0.0,0.0,0.0475872417870821
0.0469311474784064,0.0006155058296275009,0.0,0.0,0.0,0.0475466533080339
0.0462829354664055,0.001263387853993797,0.0,0.0,0.0,0.0475463233203993
0.0467460459012423,0.0003906527688166961,0.0,0.0,0.0,0.047136698670059
0.0453291824510322,0.0012444473186261976,0.0,0.0,0.0,0.0465736297696584
0.0469451329309033,-0.0005658108800489017,0.0,0.0,0.0,0.0463793220508544
0.0461182087739573,0.00013893535520929923,0.0,0.0,0.0,0.0462571441291666
0.0452383866996262,0.0009695617730245965,0.0,0.0,0.0,0.0462079484726508
0.0449704418832602,0.0010162498804326958,0.0,0.0,0.0,0.0459866917636929
0.0451920701716514,0.0003687175517305963,0.0,0.0,0.0,0.045560787723382
0.0443831351457602,0.0011449288038634028,0.0,0.0,0.0,0.0455280639496236
0.0464457700093982,-0.0010051252839577002,0.0,0.0,0.0,0.0454406447254405
0.0449724163000832,0.0004226076348823951,0.0,0.0,0.0,0.0453950239349656
0.0443095058517327,0.0009915816032676009,0.0,0.0,0.0,0.0453010874550003
0.0439660670143395,0.0009967831152589979,0.0,0.0,0.0,0.0449628501295985
0.0440743857150504,0.0007820984003485965,0.0,0.0,0.0,0.044856484115399
0.043778387726323,0.0008614870059710025,0.0,0.0,0.0,0.044639874732294
0.0444726146192841,0.0001655276779286008,0.0,0.0,0.0,0.0446381422972127
0.0426023482836175,0.001468710263640996,0.0,0.0,0.0,0.0440710585472585
0.0442779700274751,-0.000516192390687599,0.0,0.0,0.0,0.0437617776367875
0.0436348585922671,5.2424336023294826e-05,0.0,0.0,0.0,0.0436872829282904
0.0427660055002865,0.0007509763096125999,0.0,0.0,0.0,0.0435169818098991
0.0432381379231065,-0.00045378365982169655,0.0,0.0,0.0,0.0427843542632848
0.0420152060808528,0.0005306496195693969,0.0,0.0,0.0,0.0425458557004222
0.041977061444729,0.0004965544626989032,0.0,0.0,0.0,0.0424736159074279
0.0414004494650207,0.001065191741239202,0.0,0.0,0.0,0.0424656412062599
0.0411919291105383,0.0011770807167408998,0.0,0.0,0.0,0.0423690098272792
0.0412597996888319,6.158189569659828e-05,0.0,0.0,0.0,0.0413213815845285
0.0397181640643852,0.001532160182839401,0.0,0.0,0.0,0.0412503242472246
0.0391307202146059,0.000890482590871898,0.0,0.0,0.0,0.0400212028054778
0.0395670937549634,0.00021792040109359923,0.0,0.0,0.0,0.039785014156057
0.0383134487621284,0.0014287769973167982,0.0,0.0,0.0,0.0397422257594452
0.0390026025007524,0.00044532928662369825,0.0,0.0,0.0,0.0394479317873761
0.0378146068672849,0.0015612776198836026,0.0,0.0,0.0,0.0393758844871685
0.0398103583610409,-0.0004870794026117023,0.0,0.0,0.0,0.0393232789584292
0.0398545907823692,-0.0005340067229554005,0.0,0.0,0.0,0.0393205840594138
0.0379333735236846,0.0013505544093258964,0.0,0.0,0.0,0.0392839279330105
0.0384915301905882,0.0006963163428325009,0.0,0.0,0.0,0.0391878465334207
0.038975234889788,-0.000408425084568495,0.0,0.0,0.0,0.0385668098052195
0.0376922204467096,0.0008665596594027991,0.0,0.0,0.0,0.0385587801061124
0.0378401920186174,0.0006492081873333,0.0,0.0,0.0,0.0384894002059507
0.0381269760621704,0.00019160054496769607,0.0,0.0,0.0,0.0383185766071381
0.0382365287733957,-0.0002290480087187019,0.0,0.0,0.0,0.038007480764677
0.0369852969566777,0.0006886488063896981,0.0,0.0,0.0,0.0376739457630674
0.0372584246172044,0.000290785820007404,0.0,0.0,0.0,0.0375492104372118
0.0360733083416039,0.0009662911920024983,0.0,0.0,0.0,0.0370395995336064
0.0364613360922517,-0.00030852332852800146,0.0,0.0,0.0,0.0361528127637237
0.0367447197512761,-0.0006427525822408978,0.0,0.0,0.0,0.0361019671690352
0.0353324906961091,0.0005979379009052946,0.0,0.0,0.0,0.0359304285970144
0.0349091976672045,0.0006836810786465947,0.0,0.0,0.0,0.0355928787458511
0.0343870466848664,0.0011608162478398062,0.0,0.0,0.0,0.0355478629327062
0.034519332612013,0.0008332051400159954,0.0,0.0,0.0,0.035352537752029
0.0347119479420872,0.0006047036546857967,0.0,0.0,0.0,0.035316651596773
0.0342568174419104,0.0005486008120540037,0.0,0.0,0.0,0.0348054182539644
0.0345429707689783,0.00024798302700550223,0.0,0.0,0.0,0.0347909537959838
0.0342140384107436,0.0005318720731256957,0.0,0.0,0.0,0.0347459104838693
0.0340050244520554,0.0006966951877553015,0.0,0.0,0.0,0.0347017196398107
0.0344372297791197,0.00013527220279969943,0.0,0.0,0.0,0.0345725019819194
0.0335036322688155,0.0006341660025386969,0.0,0.0,0.0,0.0341377982713542
0.0342130786247879,-0.00010195435389220159,0.0,0.0,0.0,0.0341111242708957
0.0337775277581067,0.0002981228420761012,0.0,0.0,0.0,0.0340756506001828
0.0335498391069668,0.0005049397753314963,0.0,0.0,0.0,0.0340547788822983
0.033711905821195,0.0002941723860393,0.0,0.0,0.0,0.0340060782072343
0.0322759563416952,0.001342138904230697,0.0,0.0,0.0,0.0336180952459259
0.033125723404386,0.0003002090423602985,0.0,0.0,0.0,0.0334259324467463
0.0334593450025755,-4.606208181979349e-05,0.0,0.0,0.0,0.0334132829207557
0.0329349179563996,-0.00014421170613959644,0.0,0.0,0.0,0.03279070625026
0.0311938936552773,0.001499053758250695,0.0,0.0,0.0,0.032692947413528
0.0318700491498161,0.0005880020658596968,0.0,0.0,0.0,0.0324580512156758
0.0321146574562315,0.00018010487828689498,0.0,0.0,0.0,0.0322947623345184
0.0313261247375122,0.0008668364117511013,0.0,0.0,0.0,0.0321929611492633
0.0308437911611062,0.001192480859690502,0.0,0.0,0.0,0.0320362720207967
0.0314275604017982,0.0005712855214479035,0.0,0.0,0.0,0.0319988459232461
0.0302529195043424,0.0006054066570304988,0.0,0.0,0.0,0.0308583261613729
0.0303467317258947,0.0005037022312187993,0.0,0.0,0.0,0.0308504339571135
0.0298677711115615,0.0009605261750684005,0.0,0.0,0.0,0.0308282972866299
0.0303910464145906,3.936828169459963e-05,0.0,0.0,0.0,0.0304304146962852
0.0299582926384088,0.00044720799146880097,0.0,0.0,0.0,0.0304055006298776
0.0299118664206104,0.00040951486142950036,0.0,0.0,0.0,0.0303213812820399
0.0291878861630236,0.0009964952527437981,0.0,0.0,0.0,0.0301843814157674
0.0291015328494695,0.0008724264513405994,0.0,0.0,0.0,0.0299739593008101
0.0293465250702673,0.0004999490077328,0.0,0.0,0.0,0.0298464740780001
0.029535712593357,0.0002448464546439995,0.0,0.0,0.0,0.029780559048001
0.0288745023372707,0.000717111290987598,0.0,0.0,0.0,0.0295916136282583
0.0279846436440889,0.001057320580906601,0.0,0.0,0.0,0.0290419642249955
0.0294600266151387,-0.00042961195735199964,0.0,0.0,0.0,0.0290304146577867
0.029338599980519,-0.00048076885559589916,0.0,0.0,0.0,0.0288578311249231
0.0285432116478307,0.000260116519454498,0.0,0.0,0.0,0.0288033281672852
0.0281569389343589,0.000414792911419503,0.0,0.0,0.0,0.0285717318457784
0.0290644851115808,-0.000541343944988202,0.0,0.0,0.0,0.0285231411665926
0.028704592800662,-0.0003441630368664003,0.0,0.0,0.0,0.0283604297637956
0.0288048492993452,-0.00047114853394720005,0.0,0.0,0.0,0.028333700765398
0.0283423970034495,-0.0001735800594424991,0.0,0.0,0.0,0.028168816944007
0.0278355751739461,0.0002761264103162027,0.0,0.0,0.0,0.0281117015842623
0.0287591360653997,-0.0007793745370135996,0.0,0.0,0.0,0.0279797615283861
0.02697280986717,0.0007479113681034995,0.0,0.0,0.0,0.0277207212352735
0.0271194377387399,0.0005902564097461024,0.0,0.0,0.0,0.027709694148486
0.0272390819137276,5.953013903220103e-05,0.0,0.0,0.0,0.0272986120527598
0.0256893840872534,0.0014982971223623971,0.0,0.0,0.0,0.0271876812096158
0.0266172228818236,0.0005370745787648019,0.0,0.0,0.0,0.0271542974605884
0.02606172619314,0.0010338059695309994,0.0,0.0,0.0,0.027095532162671
0.0260384993730129,0.0009607038993423994,0.0,0.0,0.0,0.0269992032723553
0.02652900484127,0.0004333223129256991,0.0,0.0,0.0,0.0269623271541957
0.0257038082990442,0.0011431881768802984,0.0,0.0,0.0,0.0268469964759245
0.0262089573587392,0.0006093301929805013,0.0,0.0,0.0,0.0268182875517197
0.0261424030583277,0.0006331235957497024,0.0,0.0,0.0,0.0267755266540774
0.0266662816553861,-4.160751711699412e-06,0.0,0.0,0.0,0.0266621209036744
0.0263765085641426,0.00011643867889180037,0.0,0.0,0.0,0.0264929472430344
0.0266120400376631,-0.0002649748280641982,0.0,0.0,0.0,0.0263470652095989
0.0257486988593135,0.0005139720127522,0.0,0.0,0.0,0.0262626708720657
0.025926643175494,0.0003319578490790995,0.0,0.0,0.0,0.0262586010245731
0.0256184147714458,0.0005599442599953999,0.0,0.0,0.0,0.0261783590314412
0.0265209152167865,-0.0003563606680569015,0.0,0.0,0.0,0.0261645545487296
0.0259138368885998,0.0001916773725170011,0.0,0.0,0.0,0.0261055142611168
0.0245634180489778,0.0014197257976644,0.0,0.0,0.0,0.0259831438466422
0.0258084798131236,0.00014133528243020013,0.0,0.0,0.0,0.0259498150955538
0.0250834849246694,0.0008573655068127989,0.0,0.0,0.0,0.0259408504314822
0.0259300984049344,-5.884850026900701e-06,0.0,0.0,0.0,0.0259242135549075
0.0255877838882322,-6.896014235509978e-05,0.0,0.0,0.0,0.0255188237458771
0.0255797765311163,-0.00010349369112509776,0.0,0.0,0.0,0.0254762828399912
0.0253020967429142,0.00016555142063990128,0.0,0.0,0.0,0.0254676481635541
0.0250085119303039,0.00015268771664229963,0.0,0.0,0.0,0.0251611996469462
0.0248945716261384,0.00019469071647840175,0.0,0.0,0.0,0.0250892623426168
0.0237117314143756,0.0011908404240011002,0.0,0.0,0.0,0.0249025718383767
0.0246776874226138,-0.0003226475668447991,0.0,0.0,0.0,0.024355039855769
0.0242417252190944,-0.0001553502957787993,0.0,0.0,0.0,0.0240863749233156
0.023553311886779,0.0005162336671751984,0.0,0.0,0.0,0.0240695455539542
0.0231272491898309,0.0008410176592895009,0.0,0.0,0.0,0.0239682668491204
0.0237603240061882,-2.8575794123100046e-05,0.0,0.0,0.0,0.0237317482120651
0.0230453931590405,0.0005824089481449995,0.0,0.0,0.0,0.0236278021071855
0.0234372052085993,4.826223222199888e-05,0.0,0.0,0.0,0.0234854674408213
0.0233224422307575,0.00013871612098610014,0.0,0.0,0.0,0.0234611583517436
0.0237469418477206,-0.0002910083001904998,0.0,0.0,0.0,0.0234559335475301
0.0231700556434536,0.00017491956196299951,0.0,0.0,0.0,0.0233449752054166
0.0230874866288105,0.00017463418136740017,0.0,0.0,0.0,0.0232621208101779
0.0230172577193116,0.00017119335145560077,0.0,0.0,0.0,0.0231884510707672
0.0232754949862975,-0.0003284023712256008,0.0,0.0,0.0,0.0229470926150719
0.0224759110178601,0.0004637568754346996,0.0,0.0,0.0,0.0229396678932948
0.0233034658912912,-0.0004334253888839991,0.0,0.0,0.0,0.0228700405024072
0.022171878249561,0.00032464374951830105,0.0,0.0,0.0,0.0224965219990793
0.022398853916848,8.37261046721001e-05,0.0,0.0,0.0,0.0224825800215201
0.0220536600422788,0.00030258971315219943,0.0,0.0,0.0,0.022356249755431
0.0226306010914576,-0.00038258728015519786,0.0,0.0,0.0,0.0222480138113024
0.0216405407445043,0.0005905062025888981,0.0,0.0,0.0,0.0222310469470932
0.0221484320497868,2.6104514891701208e-05,0.0,0.0,0.0,0.0221745365646785
0.0209594492079078,0.0010977492537227983,0.0,0.0,0.0,0.0220571984616306
0.0217865927445008,0.0002392018939096005,0.0,0.0,0.0,0.0220257946384104
0.0215273682691033,0.0001574116479811996,0.0,0.0,0.0,0.0216847799170845
0.021827945807962,-0.0002142782261204991,0.0,0.0,0.0,0.0216136675818415
0.0213179978184887,0.00024243175831390254,0.0,0.0,0.0,0.0215604295768026
0.0219403504545985,-0.0004104722329601983,0.0,0.0,0.0,0.0215298782216383
0.0219881752176465,-0.0004601669259373005,0.0,0.0,0.0,0.0215280082917092
0.0207225740340494,0.0006087341285054004,0.0,0.0,0.0,0.0213313081625548
0.0210784626664104,0.00011202327310520094,0.0,0.0,0.0,0.0211904859395156
0.0204948579604537,0.00037163511988429904,0.0,0.0,0.0,0.020866493080338
0.020074252332225,0.0007699940817512026,0.0,0.0,0.0,0.0208442464139762
0.0208989278477891,-9.43899458357017e-05,0.0,0.0,0.0,0.0208045379019534
0.0196286648466931,0.000983655258141699,0.0,0.0,0.0,0.0206123201048348
0.0194587553100843,0.0010615807416229986,0.0,0.0,0.0,0.0205203360517073
0.0195454925380206,0.0009463820802076972,0.0,0.0,0.0,0.0204918746182283
0.0202243628556911,0.00021589619670149898,0.0,0.0,0.0,0.0204402590523926
0.0197574132770317,0.00045762921478850055,0.0,0.0,0.0,0.0202150424918202
0.0190792833656698,0.001090578319188202,0.0,0.0,0.0,0.020169861684858
0.0201376256277548,3.2796421724004543e-06,0.0,0.0,0.0,0.0201409052699272
0.0198567922571269,0.00022939006340599866,0.0,0.0,0.0,0.0200861823205329
0.0197213801700104,0.0002858801079288001,0.0,0.0,0.0,0.0200072602779392
0.0199246354129646,-5.187259506930081e-05,0.0,0.0,0.0,0.0198727628178953
0.0191228028031453,0.0007006818613255993,0.0,0.0,0.0,0.0198234846644709
0.0192416243044568,0.0004446130030156016,0.0,0.0,0.0,0.0196862373074724
0.019067738511746,0.0005559111410422986,0.0,0.0,0.0,0.0196236496527883
0.0194575212995699,-0.0001660316999139988,0.0,0.0,0.0,0.0192914895996559
0.0193025844238695,-0.00023719135181140064,0.0,0.0,0.0,0.0190653930720581
0.0188782493416416,0.00014760021221089936,0.0,0.0,0.0,0.0190258495538525
0.0188072251809223,7.857212103830336e-05,0.0,0.0,0.0,0.0188857973019606
0.019036284954856,-0.00019704340833490153,0.0,0.0,0.0,0.0188392415465211
0.018390074782134,0.00043096244654840243,0.0,0.0,0.0,0.0188210372286824
0.0184445906244159,0.0002726379942346001,0.0,0.0,0.0,0.0187172286186505
0.0186470231936938,4.94987008895012e-05,0.0,0.0,0.0,0.0186965218945833
0.0177116706462134,0.0009536949158754984,0.0,0.0,0.0,0.0186653655620889
0.0178365525102735,0.0008038439874687026,0.0,0.0,0.0,0.0186403964977422
0.0181980079011773,0.000406337447491599,0.0,0.0,0.0,0.0186043453486689
0.019015032551552,-0.0006198168662717995,0.0,0.0,0.0,0.0183952156852802
0.0181573678215688,0.00011558744511490013,0.0,0.0,0.0,0.0182729552666837
0.017822704170056,0.00040025796999519983,0.0,0.0,0.0,0.0182229621400512
0.0178722017029125,0.00029787991870389857,0.0,0.0,0.0,0.0181700816216164
0.0186610634911024,-0.0004935667726231989,0.0,0.0,0.0,0.0181674967184792
0.0177920184419306,0.00024881802282489957,0.0,0.0,0.0,0.0180408364647555
0.0176698514010023,0.000184514551269499,0.0,0.0,0.0,0.0178543659522718
0.0179303647318259,-0.0001496410199951989,0.0,0.0,0.0,0.0177807237118307
0.0179168454610789,-0.0002853586569682015,0.0,0.0,0.0,0.0176314868041107
0.0171769876015398,0.0003492331471531031,0.0,0.0,0.0,0.0175262207486929
0.0175894487603733,-0.00021507732150709974,0.0,0.0,0.0,0.0173743714388662
0.0170299758155877,0.0003130467979973982,0.0,0.0,0.0,0.0173430226135851
0.0166933103247959,0.000612671176812199,0.0,0.0,0.0,0.0173059815016081
0.017526843293608,-0.00022328170131979963,0.0,0.0,0.0,0.0173035615922882
0.0174876017592492,-0.0002129415839526999,0.0,0.0,0.0,0.0172746601752965
0.017104537473115,0.00012117453639170009,0.0,0.0,0.0,0.0172257120095067
0.0173098768227157,-9.249700098110103e-05,0.0,0.0,0.0,0.0172173798217346
0.0174370895955253,-0.0002241646068569976,0.0,0.0,0.0,0.0172129249886683
0.017842859675125,-0.0006445641382545018,0.0,0.0,0.0,0.0171982955368705
0.0171810735474654,-2.8206308283099807e-05,0.0,0.0,0.0,0.0171528672391823
0.01699092623842,0.00012344244339950253,0.0,0.0,0.0,0.0171143686818195
0.0170260544043974,-0.00019789499760080112,0.0,0.0,0.0,0.0168281594067966
0.016323902421688,0.00047090073505070065,0.0,0.0,0.0,0.0167948031567387
0.0163309774153041,0.0003204186152581008,0.0,0.0,0.0,0.0166513960305622
0.0164987205778986,7.974818543060244e-05,0.0,0.0,0.0,0.0165784687633292
0.0159815879049857,0.0005166388652116001,0.0,0.0,0.0,0.0164982267701973
0.016084285002242,0.00038242794885690046,0.0,0.0,0.0,0.0164667129510989
0.0159468984983024,0.00048436828105320046,0.0,0.0,0.0,0.0164312667793556
0.0167316743405667,-0.000321004289400198,0.0,0.0,0.0,0.0164106700511665
0.016034677779562,0.0003542130877249028,0.0,0.0,0.0,0.0163888908672869
0.0157432044960542,0.00036926672936779883,0.0,0.0,0.0,0.016112471225422
0.0157874917622942,0.000285545940800401,0.0,0.0,0.0,0.0160730377030946
0.0158024370007467,0.0002540463226818994,0.0,0.0,0.0,0.0160564833234286
0.0150460159778584,0.000987533204969802,0.0,0.0,0.0,0.0160335491828282
0.016371507805089,-0.00044231721168359883,0.0,0.0,0.0,0.0159291905934054
0.0163355021205236,-0.0004435451318819013,0.0,0.0,0.0,0.0158919569886417
0.0154563656075894,0.00033010533387819833,0.0,0.0,0.0,0.0157864709414676
0.0152150205734233,0.00047982380152080013,0.0,0.0,0.0,0.0156948443749441
0.0158206729339044,-0.00022215744927589834,0.0,0.0,0.0,0.0155985154846285
0.0153731384540053,0.00020296537044410014,0.0,0.0,0.0,0.0155761038244494
0.0151961265013246,0.00033386155119809885,0.0,0.0,0.0,0.0155299880525227
0.0154223343398471,6.714773053599979e-05,0.0,0.0,0.0,0.0154894820703831
0.0155838251825019,-0.00011304241140929969,0.0,0.0,0.0,0.0154707827710926
0.0155442820011284,-0.00014873641071060095,0.0,0.0,0.0,0.0153955455904178
0.0155205067318838,-0.00013934310253790015,0.0,0.0,0.0,0.0153811636293459
0.0142909935002198,0.001065338559627,0.0,0.0,0.0,0.0153563320598468
0.0154729287709386,-0.0004531016014122993,0.0,0.0,0.0,0.0150198271695263
0.0145421283511338,0.000473106490478499,0.0,0.0,0.0,0.0150152348416123
0.0156267961708598,-0.0006285556924262008,0.0,0.0,0.0,0.0149982404784336
0.0149639954123328,-5.6886518970900024e-05,0.0,0.0,0.0,0.0149071088933619
0.0146281251727614,0.0002266806805262013,0.0,0.0,0.0,0.0148548058532876
0.0147640582865396,7.540314174200001e-05,0.0,0.0,0.0,0.0148394614282816
0.0145339290368268,0.0002940103232155003,0.0,0.0,0.0,0.0148279393600423
0.0142572090345803,0.0005349266671145995,0.0,0.0,0.0,0.0147921357016949
0.0153695461122855,-0.0005887399860430992,0.0,0.0,0.0,0.0147808061262424
0.0145048338111422,0.00022674915961489947,0.0,0.0,0.0,0.0147315829707571
0.0148775324089552,-0.00017892070268240093,0.0,0.0,0.0,0.0146986117062728
0.0144384440454659,0.00021080701047389988,0.0,0.0,0.0,0.0146492510559398
0.0143905644375061,0.00017035992825559926,0.0,0.0,0.0,0.0145609243657617
0.0144482887071255,4.9223034865699886e-05,0.0,0.0,0.0,0.0144975117419912
0.0143426848295464,0.00010414631157359966,0.0,0.0,0.0,0.01444683114112
0.0137935775730819,0.0005838736678764004,0.0,0.0,0.0,0.0143774512409583
0.014439321564054,-0.00019936517081999873,0.0,0.0,0.0,0.014239956393234
0.0138430202610266,0.00036723724509899955,0.0,0.0,0.0,0.0142102575061256
0.0139478837322971,0.0002091357687896006,0.0,0.0,0.0,0.0141570195010867
0.0133310704322744,0.000640826005836299,0.0,0.0,0.0,0.0139718964381107
0.0141309012028147,-0.0002022056458590004,0.0,0.0,0.0,0.0139286955569557
0.0138155429602387,0.00010220800683810073,0.0,0.0,0.0,0.0139177509670768
0.0135190787897614,0.0003181826934575988,0.0,0.0,0.0,0.013837261483219
0.0143608933402481,-0.0006040938419174004,0.0,0.0,0.0,0.0137567994983307
0.0136286315009867,0.0001281129994049994,0.0,0.0,0.0,0.0137567445003917
0.0136089696001235,0.00012247584828689942,0.0,0.0,0.0,0.0137314454484104
0.0131527422017116,0.0005181230167913987,0.0,0.0,0.0,0.013670865218503
0.0135554409662532,5.495401822070041e-05,0.0,0.0,0.0,0.0136103949844739
0.0140755352644007,-0.0004952516515783992,0.0,0.0,0.0,0.0135802836128223
0.0136779370766521,-0.00014066185219799993,0.0,0.0,0.0,0.0135372752244541
0.0128966164638282,0.0006085674631670004,0.0,0.0,0.0,0.0135051839269952
0.0133584106207829,0.00010681730346369898,0.0,0.0,0.0,0.0134652279242466
0.0135182286936293,-5.4238223012299455e-05,0.0,0.0,0.0,0.013463990470617
0.0133748915167645,5.3982769743799244e-05,0.0,0.0,0.0,0.0134288742865083
0.0134153670616377,-9.234422943099271e-06,0.0,0.0,0.0,0.0134061326386946
0.012959331620417,0.00033774010506269943,0.0,0.0,0.0,0.0132970717254797
0.012646194596767,0.0005635129024687009,0.0,0.0,0.0,0.0132097074992357
0.0133192787762476,-0.00015450459324820032,0.0,0.0,0.0,0.0131647741829994
0.0122948032471697,0.0007824692147379003,0.0,0.0,0.0,0.0130772724619076
0.0126885622910957,0.0002760743915562001,0.0,0.0,0.0,0.0129646366826519
0.012607666046261,0.00035576068173089927,0.0,0.0,0.0,0.0129634267279919
0.0128666162970997,3.753917952400293e-06,0.0,0.0,0.0,0.0128703702150521
0.0121768866869022,0.0004126915501273011,0.0,0.0,0.0,0.0125895782370295
0.0124375371300052,8.527360896930063e-05,0.0,0.0,0.0,0.0125228107389745
0.0121268407049282,0.0002852041847195997,0.0,0.0,0.0,0.0124120448896478
0.0123041543046235,5.440508925960014e-05,0.0,0.0,0.0,0.0123585593938831
0.0123630303173896,-7.24758751910002e-05,0.0,0.0,0.0,0.0122905544421986
0.0121292813035012,0.00010008793146010046,0.0,0.0,0.0,0.0122293692349613
0.0119329365194278,0.0002550742653380008,0.0,0.0,0.0,0.0121880107847658
0.0124950694424334,-0.0003295253157857003,0.0,0.0,0.0,0.0121655441266477
0.0122520242160029,-0.00025040144681219914,0.0,0.0,0.0,0.0120016227691907
0.01191782674624,7.714127232089953e-05,0.0,0.0,0.0,0.0119949680185609
0.0122409455438289,-0.0003674129747780995,0.0,0.0,0.0,0.0118735325690508
0.0117212351600637,0.00013038073025979993,0.0,0.0,0.0,0.0118516158903235
0.0124252244473168,-0.0005830407035471996,0.0,0.0,0.0,0.0118421837437696
0.0118960533162743,-9.170815459840116e-05,0.0,0.0,0.0,0.0118043451616759
0.0109568342025154,0.000773703724902099,0.0,0.0,0.0,0.0117305379274175
0.0120425989204766,-0.0004089123637961,0.0,0.0,0.0,0.0116336865566805
0.011324322533712,-2.763584880379963e-05,0.0,0.0,0.0,0.0112966866849082
0.010930810291889,0.00032548040675769996,0.0,0.0,0.0,0.0112562906986467
0.0110709938863279,0.0001822169277297999,0.0,0.0,0.0,0.0112532108140577
0.0117393065584861,-0.0006183107900001004,0.0,0.0,0.0,0.011120995768486
0.0111331880162551,-0.00011096854637420057,0.0,0.0,0.0,0.0110222194698809
0.0114097709062222,-0.0004382870351515994,0.0,0.0,0.0,0.0109714838710706
0.0111891846711543,-0.0002464922211972004,0.0,0.0,0.0,0.0109426924499571
0.0114394968483919,-0.000529280681467301,0.0,0.0,0.0,0.0109102161669246
0.0107784785494968,0.00011955557391950082,0.0,0.0,0.0,0.0108980341234163
0.010027487172872,0.0008397756036236,0.0,0.0,0.0,0.0108672627764956
0.010507818909999,0.00029820366132009973,0.0,0.0,0.0,0.0108060225713191
0.0107272534019201,7.010699399239914e-05,0.0,0.0,0.0,0.0107973603959125
0.0107779575228352,1.555301734099991e-05,0.0,0.0,0.0,0.0107935105401762
0.0105587149881052,0.0001721528994477993,0.0,0.0,0.0,0.010730867887553
0.0108648318630509,-0.00013657637760459973,0.0,0.0,0.0,0.0107282554854463
0.0112764703482081,-0.0005627343186815001,0.0,0.0,0.0,0.0107137360295266
0.0106578471660975,-6.232920664430049e-05,0.0,0.0,0.0,0.0105955179594532
0.0102184297331378,0.00027743196068480067,0.0,0.0,0.0,0.0104958616938226
0.0103957159103772,7.729413975359964e-05,0.0,0.0,0.0,0.0104730100501308
0.0102198831232992,0.00017857722039549967,0.0,0.0,0.0,0.0103984603436947
0.0103410355333601,4.491277919170013e-05,0.0,0.0,0.0,0.0103859483125518
0.0102988049513108,8.384348489560121e-05,0.0,0.0,0.0,0.0103826484362064
0.0106511835093196,-0.00038471821944019956,0.0,0.0,0.0,0.0102664652898794
0.0096249803655215,0.0006047738000154994,0.0,0.0,0.0,0.010229754165537
0.0097988113133206,0.0003690701707404001,0.0,0.0,0.0,0.010167881484061
0.0096057572239523,0.0005550570249356988,0.0,0.0,0.0,0.010160814248888
0.0098657221056585,0.00021157777272180073,0.0,0.0,0.0,0.0100772998783803
0.0096534997196328,0.0004154404720057986,0.0,0.0,0.0,0.0100689401916386
0.0103558710819891,-0.0003450637119682999,0.0,0.0,0.0,0.0100108073700208
0.0101270032652466,-0.00013671012650630018,0.0,0.0,0.0,0.0099902931387403
0.0094614328386761,0.00048527443333560086,0.0,0.0,0.0,0.0099467072720117
0.0096811964000677,0.00017223436724779842,0.0,0.0,0.0,0.0098534307673155
0.0099336475288637,-8.816396374660036e-05,0.0,0.0,0.0,0.0098454835651171
0.0100604489648352,-0.00024106192181619877,0.0,0.0,0.0,0.009819387043019
0.0098329522708864,-1.6782607304201627e-05,0.0,0.0,0.0,0.0098161696635822
0.0097893231435874,-0.00012137292585199903,0.0,0.0,0.0,0.0096679502177354
0.0090305163670379,0.0006292666567427,0.0,0.0,0.0,0.0096597830237806
0.0098268644856819,-0.00017934600231830043,0.0,0.0,0.0,0.0096475184833636
0.0095222558458094,0.00011211813011170052,0.0,0.0,0.0,0.0096343739759211
0.0100687579689656,-0.0005127010583081994,0.0,0.0,0.0,0.0095560569106574
0.0098709323722749,-0.00034454684975640006,0.0,0.0,0.0,0.0095263855225185
0.0091114126118726,0.00033863577118930024,0.0,0.0,0.0,0.0094500483830619
0.0093239092224571,7.455109373869992e-05,0.0,0.0,0.0,0.0093984603161958
0.0092203894515245,0.000176228433711699,0.0,0.0,0.0,0.0093966178852362
0.0093971546021023,-9.989049383160066e-05,0.0,0.0,0.0,0.0092972641082707
0.0096384173689009,-0.0004217802393357995,0.0,0.0,0.0,0.0092166371295651
0.0093719259426962,-0.00016579341949720001,0.0,0.0,0.0,0.009206132523199
0.0097241125435139,-0.000527494663777401,0.0,0.0,0.0,0.0091966178797365
0.009711032032061,-0.0005240662906347993,0.0,0.0,0.0,0.0091869657414262
0.0096847064744198,-0.0005086303249333991,0.0,0.0,0.0,0.0091760761494864
0.0089232671421062,1.9617745639799455e-05,0.0,0.0,0.0,0.008942884887746
0.0091267143422515,-0.00030751981951830133,0.0,0.0,0.0,0.0088191945227332
0.0083181358082867,0.0004977313391315991,0.0,0.0,0.0,0.0088158671474183
0.0090314487305377,-0.000229413564800501,0.0,0.0,0.0,0.0088020351657372
0.0088313744924651,-0.00011046128688519882,0.0,0.0,0.0,0.0087209132055799
0.0085372412307373,0.00017610975821769938,0.0,0.0,0.0,0.008713350988955
0.0088094091053083,-0.00017115780218029952,0.0,0.0,0.0,0.008638251303128
0.0083050827192897,0.00032071155063449937,0.0,0.0,0.0,0.0086257942699242
0.0087644911225832,-0.0001702106717574002,0.0,0.0,0.0,0.0085942804508258
0.0090377284729333,-0.00048409149909480094,0.0,0.0,0.0,0.0085536369738385
0.0088524623610339,-0.0003382039115836996,0.0,0.0,0.0,0.0085142584494502
0.0080281433373962,0.0003833789618344005,0.0,0.0,0.0,0.0084115222992306
0.0083213168131683,8.148831271660023e-05,0.0,0.0,0.0,0.0084028051258849
0.0089616860027887,-0.0005652331388686996,0.0,0.0,0.0,0.00839645286392
0.008391381187932,-6.433572314320027e-05,0.0,0.0,0.0,0.0083270454647888
0.0084045713892084,-0.00014707081839859977,0.0,0.0,0.0,0.0082575005708098
0.0081202005217725,0.00011436590843690031,0.0,0.0,0.0,0.0082345664302094
0.0080886098526032,2.2733695075700597e-05,0.0,0.0,0.0,0.0081113435476789
0.0081528058218093,-0.00010723980928179985,0.0,0.0,0.0,0.0080455660125275
0.0082027695364157,-0.0002503425337366007,0.0,0.0,0.0,0.0079524270026791
0.0073521249551368,0.00047028691953419997,0.0,0.0,0.0,0.007822411874671
0.0079891211826844,-0.00021417252944790077,0.0,0.0,0.0,0.0077749486532365
0.0071100943595737,0.0006278131816859003,0.0,0.0,0.0,0.0077379075412596
0.0078318259757787,-0.0002566573362855996,0.0,0.0,0.0,0.0075751686394931
0.007279455447065,0.00026859920845689975,0.0,0.0,0.0,0.0075480546555219
0.0070122236145517,0.0004918601886679001,0.0,0.0,0.0,0.0075040838032196
0.0079626859352198,-0.00048618359845370007,0.0,0.0,0.0,0.0074765023367661
0.0074611017947887,5.940896454000727e-06,0.0,0.0,0.0,0.0074670426912427
0.0072276544279149,0.0001850777984767002,0.0,0.0,0.0,0.0074127322263916
0.0076060568965502,-0.0002432627988521001,0.0,0.0,0.0,0.0073627940976981
0.0077045583580574,-0.0003747355248436002,0.0,0.0,0.0,0.0073298228332138
0.0072459726284402,7.881789334690005e-05,0.0,0.0,0.0,0.0073247905217871
0.0074947217256929,-0.0002450033907632999,0.0,0.0,0.0,0.0072497183349296
0.0068744257737739,0.0003620655568047004,0.0,0.0,0.0,0.0072364913305786
0.0071094910655444,0.0001160831741249006,0.0,0.0,0.0,0.0072255742396693
0.006627486558609,0.0005922578995166995,0.0,0.0,0.0,0.0072197444581257
0.0070352858999435,0.00014422756573809984,0.0,0.0,0.0,0.0071795134656816
0.0075004255965152,-0.0003365040465655002,0.0,0.0,0.0,0.0071639215499497
0.0070916390467691,4.959585330609976e-05,0.0,0.0,0.0,0.0071412349000752
0.0074817783265194,-0.00034420078939369995,0.0,0.0,0.0,0.0071375775371257
0.0072815943986233,-0.00016065373807229964,0.0,0.0,0.0,0.007120940660551
0.0069757243257805,0.00012406962719050015,0.0,0.0,0.0,0.007099793952971
0.0076803443295187,-0.0005977097335436001,0.0,0.0,0.0,0.0070826345959751
0.0069964557024229,-5.9151554536000794e-06,0.0,0.0,0.0,0.0069905405469693
0.0063320370189991,0.0006246522964605001,0.0,0.0,0.0,0.0069566893154596
0.007160085496636,-0.00021865810927380012,0.0,0.0,0.0,0.0069414273873622
0.0066496164805011,0.0002558972526354999,0.0,0.0,0.0,0.0069055137331366
0.006489524183096,0.00036701388528120014,0.0,0.0,0.0,0.0068565380683772
0.0068996818556359,-7.691252185980033e-05,0.0,0.0,0.0,0.0068227693337761
0.0073337793321557,-0.0006428400583776998,0.0,0.0,0.0,0.006690939273778
0.0067927342777188,-0.00012758903737389998,0.0,0.0,0.0,0.0066651452403449
0.0069511538053154,-0.0003267895368055003,0.0,0.0,0.0,0.0066243642685099
0.0065755484271795,3.173898124299995e-05,0.0,0.0,0.0,0.0066072874084225
0.0067358875266875,-0.00014146963601199998,0.0,0.0,0.0,0.0065944178906755
0.0063303642491907,0.0002082857312478998,0.0,0.0,0.0,0.0065386499804386
0.0063261960358975,0.00016160834985259973,0.0,0.0,0.0,0.0064878043857501
0.0064264525345808,-7.408220630000795e-07,0.0,0.0,0.0,0.0064257117125178
0.0062529232337964,0.0001724309921173001,0.0,0.0,0.0,0.0064253542259137
0.0068870126810211,-0.00047727786980890016,0.0,0.0,0.0,0.0064097348112122
0.0066407041823413,-0.00023176684124589977,0.0,0.0,0.0,0.0064089373410954
0.0062489744001502,7.628357662019941e-05,0.0,0.0,0.0,0.0063252579767704
0.0061600982206555,0.00014450802998669954,0.0,0.0,0.0,0.0063046062506422
0.006147593580776,0.00013806587984980037,0.0,0.0,0.0,0.0062856594606258
0.006200957679911,7.653458676000046e-05,0.0,0.0,0.0,0.006277492266671
0.0064888386216991,-0.00021450873652580082,0.0,0.0,0.0,0.0062743298851733
0.0063814248620321,-0.0001379213217186006,0.0,0.0,0.0,0.0062435035403135
0.0062643309754408,-3.3889445661100526e-05,0.0,0.0,0.0,0.0062304415297797
0.0058398587809336,0.00033316490043650004,0.0,0.0,0.0,0.0061730236813701
0.0064553558030743,-0.00033823752678900035,0.0,0.0,0.0,0.0061171182762853
0.0063443771241434,-0.00025995512264690053,0.0,0.0,0.0,0.0060844220014965
0.0057410556724117,0.0003326692299318,0.0,0.0,0.0,0.0060737249023435
0.006005846906352,-4.141805246499729e-06,0.0,0.0,0.0,0.0060017051011055
0.0062409396205785,-0.00024522929483370044,0.0,0.0,0.0,0.0059957103257448
0.0061364874861461,-0.00015295920390970014,0.0,0.0,0.0,0.0059835282822364
0.0062375940809616,-0.0003130235894294002,0.0,0.0,0.0,0.0059245704915322
0.0058005349792071,6.015540607239977e-05,0.0,0.0,0.0,0.0058606903852795
0.0060989461440516,-0.00026668969328149956,0.0,0.0,0.0,0.0058322564507701
0.005945846572895,-0.0001779927087989996,0.0,0.0,0.0,0.005767853864096
0.0056422799863458,0.00011088942801329958,0.0,0.0,0.0,0.0057531694143591
0.006139613646116,-0.00038776418229509967,0.0,0.0,0.0,0.0057518494638209
0.0059202065766508,-0.00019816599581649972,0.0,0.0,0.0,0.0057220405808343
0.0054815021275438,0.00020913463007029946,0.0,0.0,0.0,0.0056906367576141
0.0060468709003428,-0.0004983488173365995,0.0,0.0,0.0,0.0055485220830062
0.0057122620937418,-0.00019233893906230037,0.0,0.0,0.0,0.0055199231546795
0.0056682216296046,-0.00023173034852420026,0.0,0.0,0.0,0.0054364912810804
0.004854734476038,0.0005790069080879,0.0,0.0,0.0,0.0054337413841259
0.0048400086172325,0.0005889479461926002,0.0,0.0,0.0,0.0054289565634251
0.0048859412308251,0.0004719854942656001,0.0,0.0,0.0,0.0053579267250907
0.0052654680201513,9.067127191899997e-05,0.0,0.0,0.0,0.0053561392920703
0.0058647583708691,-0.0005815738450013,0.0,0.0,0.0,0.0052831845258678
0.005228996153836,4.553855410998134e-07,0.0,0.0,0.0,0.0052294515393771
0.0058668973224275,-0.0007320147393151,0.0,0.0,0.0,0.0051348825831124
0.0054420960584497,-0.00035753658960440034,0.0,0.0,0.0,0.0050845594688453
0.0052596818819614,-0.0002175808220934005,0.0,0.0,0.0,0.005042101059868
0.0053414556453842,-0.0003131040702886003,0.0,0.0,0.0,0.0050283515750956
0.005218356240956,-0.00019671441442940026,0.0,0.0,0.0,0.0050216418265266
0.0050211065158387,-5.523259954910015e-05,0.0,0.0,0.0,0.0049658739162896
0.0051394892578562,-0.0001917371624965995,0.0,0.0,0.0,0.0049477520953596
0.0049069742544821,-0.00010471920698439975,0.0,0.0,0.0,0.0048022550474977
0.005111408663039,-0.00033541513145670006,0.0,0.0,0.0,0.0047759935315823
0.005193566340844,-0.00044078193955749984,0.0,0.0,0.0,0.0047527844012865
0.0047910321110376,-7.317140107309956e-05,0.0,0.0,0.0,0.0047178607099645
0.0050517922439642,-0.0003527683281378995,0.0,0.0,0.0,0.0046990239158263
0.0049739124692758,-0.00029114044445050034,0.0,0.0,0.0,0.0046827720248253
0.0046711959788588,-1.7160377207899903e-05,0.0,0.0,0.0,0.0046540356016509
0.0046809309506948,-3.38800873082995e-05,0.0,0.0,0.0,0.0046470508633865
0.0050933098421607,-0.00045591111708450077,0.0,0.0,0.0,0.0046373987250762
0.0045726122499839,5.221944601029992e-05,0.0,0.0,0.0,0.0046248316959942
0.0046364517272637,-2.754193463600039e-05,0.0,0.0,0.0,0.0046089097926277
0.0048311237415286,-0.00024358064823720021,0.0,0.0,0.0,0.0045875430932914
0.0048333449604546,-0.0002521266301585001,0.0,0.0,0.0,0.0045812183302961
0.0047454834118273,-0.00017509967553189926,0.0,0.0,0.0,0.0045703837362954
0.0045924386855824,-3.346702164809968e-05,0.0,0.0,0.0,0.0045589716639343
0.0050757046254882,-0.0005586138921707994,0.0,0.0,0.0,0.0045170907333174
0.0046632708891106,-0.00017986639348559989,0.0,0.0,0.0,0.004483404495625
0.0049684554005565,-0.0005785199024145003,0.0,0.0,0.0,0.004389935498142
0.0040545472135713,0.0002553387842256002,0.0,0.0,0.0,0.0043098859977969
0.0045140927291442,-0.00022887330702899954,0.0,0.0,0.0,0.0042852194221152
0.0043530406457834,-0.00011726437090989975,0.0,0.0,0.0,0.0042357762748735
0.0044144395244902,-0.0001830630847438992,0.0,0.0,0.0,0.0042313764397463
0.0039437879142874,0.0002521423537155997,0.0,0.0,0.0,0.004195930268003
0.0039165848380583,0.00025731875533920034,0.0,0.0,0.0,0.0041739035933975
0.0040938710152977,-0.00015956594354450074,0.0,0.0,0.0,0.0039343050717532
0.0040719604730527,-0.0002295019595793999,0.0,0.0,0.0,0.0038424585134733
0.003970689343502,-0.00026611066332659977,0.0,0.0,0.0,0.0037045786801754
0.003897608498592,-0.0002159364600475,0.0,0.0,0.0,0.0036816720385445
0.0036439233592815,2.1414291353299975e-05,0.0,0.0,0.0,0.0036653376506348
0.0036838504550372,-2.786245404759989e-05,0.0,0.0,0.0,0.0036559880009896
0.0043896496243781,-0.0007550283227249002,0.0,0.0,0.0,0.0036346213016532
0.0037642530956661,-0.0001496785428111002,0.0,0.0,0.0,0.003614574552855
0.0032610510303384,0.00019050963105469998,0.0,0.0,0.0,0.0034515606613931
0.0038935499751223,-0.0004463891488563996,0.0,0.0,0.0,0.0034471608262659
0.0041055255590451,-0.0006941958900961998,0.0,0.0,0.0,0.0034113296689489
0.0034977342470056,-0.00010898123205300026,0.0,0.0,0.0,0.0033887530149526
0.0035535115222578,-0.0001879676376011002,0.0,0.0,0.0,0.0033655438846567
0.0035660710070491,-0.0002475503603141002,0.0,0.0,0.0,0.003318520646735
0.0036079176747161,-0.0002952268095245997,0.0,0.0,0.0,0.0033126908651915
0.0032113341178349,9.307955752360002e-05,0.0,0.0,0.0,0.0033044136753585
0.0034000828816306,-0.0001126085715117001,0.0,0.0,0.0,0.0032874743101189
0.0031841036191499,0.00010309570127349987,0.0,0.0,0.0,0.0032871993204234
0.0033438668470844,-5.93074277373002e-05,0.0,0.0,0.0,0.0032845594193471
0.0030120277085269,-2.4649653051100028e-05,0.0,0.0,0.0,0.0029873780554758
0.0028103629680135,7.455392693810027e-05,0.0,0.0,0.0,0.0028849168949516
0.0024950869928052,0.0003537787530730999,0.0,0.0,0.0,0.0028488657458783
0.0029380693450289,-0.0001174450408732001,0.0,0.0,0.0,0.0028206243041557
0.002708598234257,7.87798157189999e-05,0.0,0.0,0.0,0.002787378049976
0.0031976777348086,-0.0004195943365388,0.0,0.0,0.0,0.0027780833982698
0.0033468010498632,-0.0005914867983764999,0.0,0.0,0.0,0.0027553142514867
0.0031115438009015,-0.0003832335375078999,0.0,0.0,0.0,0.0027283102633936
0.0029687276506984,-0.00026263655469700026,0.0,0.0,0.0,0.0027060910960014
0.0029184074441656,-0.00022444339373350018,0.0,0.0,0.0,0.0026939640504321
0.0022438972969794,0.000318209194485,0.0,0.0,0.0,0.0025621064914644
0.0024794287704999,4.7506538916700005e-05,0.0,0.0,0.0,0.0025269353094166
0.0030345689672571,-0.0005669764341183002,0.0,0.0,0.0,0.0024675925331388
0.0027185525857401,-0.00027411418495809983,0.0,0.0,0.0,0.002444438400782
0.0030366530739037,-0.0006263408943268998,0.0,0.0,0.0,0.0024103121795768
0.0024310555583343,-2.1485850935199814e-05,0.0,0.0,0.0,0.0024095697073991
0.0025637528223191,-0.0001903717588410997,0.0,0.0,0.0,0.002373381063478
0.0019845357093026,0.0003752608632203,0.0,0.0,0.0,0.0023597965725229
0.0026857553285122,-0.00032719620961879983,0.0,0.0,0.0,0.0023585591188934
0.0024933868005409,-0.0001349101785562,0.0,0.0,0.0,0.0023584766219847
0.0025653981696717,-0.00023890284926759986,0.0,0.0,0.0,0.0023264953204041
0.0023515578587493,-0.00011523165948290007,0.0,0.0,0.0,0.0022363261992664
0.0022982760269819,-8.221656827000004e-05,0.0,0.0,0.0,0.0022160594587119
0.0023508722973524,-0.00015183470078879982,0.0,0.0,0.0,0.0021990375965636
0.002108677167054,7.267859209229973e-05,0.0,0.0,0.0,0.0021813557591463
0.0026267970483784,-0.00046328812046670005,0.0,0.0,0.0,0.0021635089279117
0.0021990615816219,-5.603938602119973e-05,0.0,0.0,0.0,0.0021430221956007
0.0027241467667388,-0.0006099434912210998,0.0,0.0,0.0,0.0021142032755177
0.0020060074922537,5.899616557100262e-06,0.0,0.0,0.0,0.0020119071088108
0.0022870328200727,-0.00028436536502900005,0.0,0.0,0.0,0.0020026674550437
0.001762989688279,0.00020948389820450003,0.0,0.0,0.0,0.0019724735864835
0.0023495285970145,-0.00038612967048080003,0.0,0.0,0.0,0.0019633989265337
0.00192842936458,2.7242351511600014e-05,0.0,0.0,0.0,0.0019556717160916
0.0020555598700219,-0.00010725787776840021,0.0,0.0,0.0,0.0019483019922535
0.0020718488088123,-0.0001397437096207,0.0,0.0,0.0,0.0019321050991916
0.0018700469560196,1.9819725951099928e-05,0.0,0.0,0.0,0.0018898666819707
0.0018953030378816,-2.5345609861400064e-05,0.0,0.0,0.0,0.0018699574280202
0.0023772801223611,-0.0005400189691296998,0.0,0.0,0.0,0.0018372611532314
0.0019398919511362,-0.00012955228908920007,0.0,0.0,0.0,0.001810339662047
0.0023825452338894,-0.0005966521557677997,0.0,0.0,0.0,0.0017858930781216
0.0017433277874158,2.9118294598300034e-05,0.0,0.0,0.0,0.0017724460820141
0.0016056122140057,0.00013625501387459988,0.0,0.0,0.0,0.0017418672278803
0.0021695550190991,-0.00043596498105179997,0.0,0.0,0.0,0.0017335900380473
0.0020350752954824,-0.00034636357573240026,0.0,0.0,0.0,0.00168871171975
0.0017033184242925,-4.199567820919992e-05,0.0,0.0,0.0,0.0016613227460833
0.0017818837603777,-0.00018070126068900003,0.0,0.0,0.0,0.0016011824996887
0.0018885296912801,-0.0002924070019875999,0.0,0.0,0.0,0.0015961226892925
0.0018177249102079,-0.00036401938418830003,0.0,0.0,0.0,0.0014537055260196
0.0016627606120516,-0.00024386878147580004,0.0,0.0,0.0,0.0014188918305758
0.0013860954547169,5.35240425320006e-06,0.0,0.0,0.0,0.0013914478589701
0.0018865552744571,-0.0004980498052283,0.0,0.0,0.0,0.0013885054692288
0.001423060925238,-0.00015945577568199994,0.0,0.0,0.0,0.001263605149556
0.0019257145414482,-0.0006640618187299001,0.0,0.0,0.0,0.0012616527227183
0.0012031328291111,5.555000489639982e-05,0.0,0.0,0.0,0.0012586828340075
0.0013282066503623,-7.03762844107001e-05,0.0,0.0,0.0,0.0012578303659516
0.0015518093555766,-0.0003351724460032,0.0,0.0,0.0,0.0012166369095734
0.0012800802402996,-6.718319058430003e-05,0.0,0.0,0.0,0.0012128970497153
0.000890900746505,0.0003055519194224,0.0,0.0,0.0,0.0011964526659274
0.0013886457431134,-0.00020924243830380005,0.0,0.0,0.0,0.0011794033048096
0.0009691095906639,0.0001944818066574001,0.0,0.0,0.0,0.0011635913973213
0.0010844758625349,6.506356134900002e-05,0.0,0.0,0.0,0.0011495394238839
0.0013140292406743,-0.00022721496632219988,0.0,0.0,0.0,0.0010868142743521
0.0014645236785228,-0.00045236910648499985,0.0,0.0,0.0,0.0010121545720378
0.0010520899421452,-5.769970443339988e-05,0.0,0.0,0.0,0.0009943902377118
0.001187885943644,-0.00022297460128430004,0.0,0.0,0.0,0.0009649113423597
0.0008640541622022,4.3549327626000046e-05,0.0,0.0,0.0,0.0009076034898282
0.0010837354562263,-0.0001767094447586,0.0,0.0,0.0,0.0009070260114677
0.0010142743754919,-0.0001373597356758001,0.0,0.0,0.0,0.0008769146398161
0.0011087995808971,-0.00029351013183099987,0.0,0.0,0.0,0.0008152894490661
0.0010733423454492,-0.00028709180822249995,0.0,0.0,0.0,0.0007862505372267
0.0007423258805679,4.463635361899934e-06,0.0,0.0,0.0,0.0007467895159298
0.0009194201006162,-0.00019432727165730006,0.0,0.0,0.0,0.0007250928289589
0.0008112385121847,-0.00010627492893259996,0.0,0.0,0.0,0.0007049635832521
0.0006883859098595,1.061039700129998e-05,0.0,0.0,0.0,0.0006989963068608
0.0008375914922817,-0.00014843981651790005,0.0,0.0,0.0,0.0006891516757638
0.0006159357814346,5.28391578964e-05,0.0,0.0,0.0,0.000668774939331
0.0004587776868083,0.00017658600452570003,0.0,0.0,0.0,0.000635363691334
0.0007820061742207,-0.00015722958616139996,0.0,0.0,0.0,0.0006247765880593
0.0007043183567235,-0.00012887492002770003,0.0,0.0,0.0,0.0005754434366958
0.0006931025722702,-0.00014323317725120003,0.0,0.0,0.0,0.000549869395019
0.0011456005166829,-0.0006132204662943999,0.0,0.0,0.0,0.0005323800503885
0.001071175971435,-0.0005545803295652,0.0,0.0,0.0,0.0005165956418698
0.0006591809943514,-0.0001511100330405,0.0,0.0,0.0,0.0005080709613109
0.0005653413503431,-8.421937918620003e-05,0.0,0.0,0.0,0.0004811219711569
0.0006157986691553,-0.00017991250289970003,0.0,0.0,0.0,0.0004358861662556
0.0005877180743381,-0.00022264175466049998,0.0,0.0,0.0,0.0003650763196776
0.0006066395688926,-0.0002803092973038,0.0,0.0,0.0,0.0003263302715888
0.000193547693574,5.7270407644700004e-05,0.0,0.0,0.0,0.0002508181012187
0.0007125176710305,-0.0004937358693316,0.0,0.0,0.0,0.0002187818016989
0.0003887681569564,-0.00017210377591249997,0.0,0.0,0.0,0.0002166643810439
5.832756364861774e-05,0.00014708973885148226,0.0,0.0,0.0,0.0002054173025001
0.0005908716567638,-0.00039560147402580004,0.0,0.0,0.0,0.000195270182738
0.0003301937912049,-0.00013772850336039999,0.0,0.0,0.0,0.0001924652878445
0.0002895537115964,-0.00011609021170739999,0.0,0.0,0.0,0.000173463499889
0.0001691691303001,-1.1985020381699991e-05,0.0,0.0,0.0,0.0001571841099184
0.0002992064160649,-0.00014683462581689997,0.0,0.0,0.0,0.000152371790248
0.0004346459256373,-0.0003133754699445,0.0,0.0,0.0,0.0001212704556928
4.483571535754058e-05,5.614050081115942e-05,0.0,0.0,0.0,0.0001009762161687
0.0005700305902979,-0.00047774404850533733,0.0,0.0,0.0,9.228654179256264e-05
0.0002601568388972,-0.00022009084027033247,0.0,0.0,0.0,4.006599862686755e-05
0.0005000484829019,-0.0004652072884885562,0.0,0.0,0.0,3.48411944133438e-05
0.0,3.467620059607532e-05,0.0,0.0,0.0,3.467620059607532e-05
0.0003969126263517,-0.0003931177685545077,0.0,0.0,0.0,3.7948577971923247e-06
0.0002976433360799,-0.0002976433360799,0.0,0.0,0.0,0.0
